id,module,question,answer_option_1,answer_option_2
55743473-3c96-4f1e-b213-5d98aecafc1c,food_and_drink,"Hvad skal du have?","Jeg skal have en kop kaffe.","Jeg vil gerne have en kop kaffe."
3370da02-a693-442b-8d17-36afda1667b1,food_and_drink,"Hvad skal han have?","Han skal have to kopper kaffe.","Han vil gerne have to kopper kaffe."
a48e1735-191e-4237-a085-3180cac31748,food_and_drink,"Hvad skal hun have?","Hun skal have en kop te.","Hun vil gerne have en kop te."
16c77a43-940c-4f27-9abb-75edc327ba8b,food_and_drink,"Hvad skal I have?","Vi skal have to kopper te.","Vi vil gerne have to kopper te."
7e4aed87-2095-4fbc-891d-293a01bd6bf9,food_and_drink,"Hvad skal du have?","Jeg skal have et glas vin.","Jeg vil gerne have et glas vin."
d8a9ec36-261d-4318-8fb9-fe7b494970b5,food_and_drink,"Hvad skal I have?","Vi skal have to glas vin.","Vi vil gerne have to glas vin."
58d87bca-676a-4d65-8ec6-4f8c33e19575,food_and_drink,"Hvad skal hun have?","Hun skal have en øl.","Hun vil gerne have en øl."
4b4fba20-0aa3-451d-ae9d-0d9414014567,food_and_drink,"Hvad skal I have?","Vi skal have to øl.","Vi vil gerne have to øl."
84e0d7ab-6006-4ec8-9be2-fa911ff0a156,food_and_drink,"Hvad skal du have?","Jeg skal have en bolle med marmelade.","Jeg vil gerne have en bolle med marmelade."
33445c50-b432-4489-b524-11a1da05b72b,food_and_drink,"Hvad skal I have?","Vi skal have to boller med marmelade.","Vi vil gerne have to boller med marmelade."
adab1d60-0745-41fd-989e-d31f58464e0c,food_and_drink,"Hvad skal han have?","Han skal have en sandwich.","Han vil gerne have en sandwich."
0bfcf455-743e-429a-908a-7276d3f31176,food_and_drink,"Hvad skal de have?","De skal have to sandwich(er).","De vil gerne have to sandwich(er)."
5e8e29fb-413d-4401-b710-dd6381edcf6d,food_and_drink,"Hvad skal hun have?","Hun skal have en burger.","Hun vil gerne have en burger."
ca2d2eed-caf0-4d44-af9c-d9e1199060a2,food_and_drink,"Hvad skal I have?","Vi skal have to burgere.","Vi vil gerne have to burgere."
be786788-974f-4690-a32f-0ba1a9c2df10,food_and_drink,"Hvad skal du have?","Jeg skal have en gang salat.","Jeg vil gerne have en gang salat."
253340f2-5a64-44dd-ad41-e79b2a1456ad,food_and_drink,"Hvad skal de have?","De skal have to gange salat.","De vil gerne have to gange salat."
5656ddf4-8949-42f7-8bf4-2c2ac0535b80,food_and_drink,"Hvad skal I have?","Vi skal have en fadøl.","Vi vil gerne have en fadøl."
d5f718fe-67f1-4c74-8022-6de2338c2efc,food_and_drink,"Hvad skal han have?","Han skal have to fadøl.","Han vil gerne have to fadøl."
29df6c33-7c48-430a-b1fa-3af64572e513,food_and_drink,"Hvad skal han have?","Han skal have en croissant.","Han vil gerne have en croissant."
58049edd-4137-4f5e-9875-478ad98960d7,food_and_drink,"Hvad skal de have?","De skal have to croissanter.","De vil gerne have to croissanter."
63fd7ed0-11a1-4e8a-8da2-7c8dea621bd8,food_and_drink,"Hvad skal hun have?","Hun skal have et glas vand.","Hun vil gerne have et glas vand."
b19ab023-4f9f-4721-b468-ee8b47ddf331,food_and_drink,"Hvad skal du have?","Jeg skal have to glas vand.","Jeg vil gerne have to glas vand."
fb7b5847-9454-4b62-8015-46ba918886ef,food_and_drink,"Hvad skal han have?","Han skal have en sodavand.","Han vil gerne have en sodavand."
9bc3767e-18d4-42a2-8737-902479ce8045,food_and_drink,"Hvad skal I have?","Vi skal have to sodavand.","Vi vil gerne have to sodavand."
02ab42a4-46b2-41a4-a240-4c055bd197e7,food_and_drink,"Hvad skal du have?","Jeg skal have et stykke kage.","Jeg vil gerne have et stykke kage."
b2c06741-9886-45de-a391-58508426aee3,food_and_drink,"Hvad skal hun have?","Hun skal have to stykker kage.","Hun vil gerne have to stykker kage."
5aea5752-4c87-4be4-8efb-71e798edf309,food_and_drink,"Hvad skal de have?","De skal have et stykke æbletærte.","De vil gerne have et stykke æbletærte."
79069c74-614e-4393-afb6-bcac004f05a8,food_and_drink,"Hvad skal I have?","Vi skal have to stykker æbletærte.","Vi vil gerne have to stykker æbletærte."
6c472ba8-23d2-4e1f-9d12-78f5f09f4e23,food_and_drink,"Hvad skal hun have?","Hun skal have en cookie.","Hun vil gerne have en cookie."
413f1350-6ce3-4593-bf18-8ef510436c10,food_and_drink,"Hvad skal han have?","Han skal have to cookier.","Han vil gerne have to cookier."
7fcb7a2e-f3f8-4600-8266-bb004fdce364,food_and_drink,"Hvad skal du have?","Jeg skal have en gang peanuts.","Jeg vil gerne have en gang peanuts."
223a653e-d12b-4344-9002-071e34c2df59,food_and_drink,"Hvad skal de have?","De skal have to gange peanuts.","De vil gerne have to gange peanuts."
03f4a3d8-83f4-46f0-b2cc-682241e5a972,food_and_drink,"Hvad skal han have?","Han skal have en gang suppe.","Han vil gerne have en gang suppe."
726ca269-985a-4ee0-a946-1d675964a5a7,food_and_drink,"Hvad skal I have?","Vi skal have to gange suppe.","Vi vil gerne have to gange suppe."
a1f29433-1b70-4b68-92f1-6f137626a2e3,food_and_drink,"Hvad skal de have?","De skal have en pizza.","De vil gerne have en pizza."
9f94d529-ff7d-4ff0-94b2-af753bf82107,food_and_drink,"Hvad skal du have?","Jeg skal have to pizzaer.","Jeg vil gerne have to pizzaer."
56b5a451-bd58-4c1a-b51e-dc5ea4d40766,food_and_drink,"Hvad skal du have?","Jeg skal have et stykke pizza.","Jeg vil gerne have et stykke pizza."
5c1018a6-96a3-45eb-9dd8-f3698c250b68,food_and_drink,"Hvad skal I have?","Vi skal have to stykker pizza.","Vi vil gerne have to stykker pizza."
9ab2994d-efd0-4f86-a408-92a5dc3921a2,food_and_drink,"Hvad skal han have?","Han skal have en pølse med brød.","Han vil gerne have en pølse med brød."
d4c9a564-eb38-4212-b756-4b6b30fa17bd,food_and_drink,"Hvad skal I have?","Vi skal have to pølser med brød.","Vi vil gerne have to pølser med brød."
c205420e-944f-4370-a610-5c6aaf07a85f,food_and_drink,"Hvad skal hun have?","Hun skal have en hotdog.","Hun vil gerne have en hotdog."
cef24326-ef2e-4968-969e-368a93a270c7,food_and_drink,"Hvad skal du have?","Jeg skal have to hotdogs.","Jeg vil gerne have to hotdogs."
209bbfd1-f643-4523-bde4-38ec2a547815,telling_time,"Hvad er klokken?","Den er fem.",""
5aca099b-87f8-48fb-8414-5b277c124e71,telling_time,"Hvad er klokken?","Den er et minut over et.","Den er lidt over et."
4013a689-8417-4cdd-8b10-5752303b28db,telling_time,"Hvad er klokken?","Den er ti minutter over et.",""
807c587b-0f02-48c2-a43d-03e09fa77c1b,telling_time,"Hvad er klokken?","Den er kvart over et.",""
c097e1a4-a1ff-4c10-b4df-a20c8c7c39bc,telling_time,"Hvad er klokken?","Den er fem minutter i halv ti.",""
b5308fab-8598-4cf6-9f14-77c9c8054ef9,telling_time,"Hvad er klokken?","Den er otte minutter i halv tre.",""
12ba5823-f11f-491f-a63f-4e354a335a73,telling_time,"Hvad er klokken?","Den er fem minutter over seks.",""
781afcb1-fe0f-476c-ba0c-c8a6a00aaf1a,telling_time,"Hvad er klokken?","Den er fem minutter over halv otte.",""
8dc70f69-a214-4140-b29b-1802e668b5c8,telling_time,"Hvad er klokken?","Den er et minut i to.","Den er lidt i to."
a9af735c-232a-491e-924a-fa12d0c393e7,jobs_and_studies,"Hvor arbejder han henne?(tegnestue)","Han arbejder på en tegnestue.",""
f0bbafd0-9362-4247-ac2f-33bc93dc324d,jobs_and_studies,"Hvor længe har han arbejdet der?(2010)","Han har arbejdet der siden 2010.",""
c6fe20ba-cb51-4a25-8b9f-b0dc85bc3a3a,jobs_and_studies,"Hvad laver han?","Han er designer.",""
bfc313c7-fb98-4502-84fe-8319ee1cc03c,jobs_and_studies,"Hvor arbejder han henne?(designfirma)","Han arbejder i et designfirma.",""
ed117313-0f5d-4277-9549-52938d2540ee,jobs_and_studies,"Hvor længe har han arbejdet der?(2½ å.)","Han har arbejdet der i to et halvt år.",""
72db4f6f-2994-4dee-bd70-faf9e68bcd68,jobs_and_studies,"Er han glad for sit arbejde?","Nej, ikke rigtigt.","Nej, det er han ikke."
1cc84b18-6372-4c53-88e9-13e292262e76,jobs_and_studies,"Hvad laver hun?","Hun er butiksassistent.",""
dec54cdb-815b-4a87-867b-26f201237456,jobs_and_studies,"Hvor arbejder hun henne?(skobutik)","Hun arbejder i en skobutik.",""
a9a820ed-5f44-445f-8c2f-09df3d0f6897,jobs_and_studies,"Hvor længe har hun arbejdet der?(4 md.)","Hun har arbejdet der i fire måneder.",""
3556beef-2980-400e-b832-f2fc14f9590f,jobs_and_studies,"Er hun glad for sit arbejde?","Ja, meget!","Ja, det er hun."
fc9825dd-e9ce-4520-9674-b3ddbc4213c1,jobs_and_studies,"Hvad laver han?","Han er forsker.",""
73ad6166-e356-4b8e-8fae-8f7fe4acc274,jobs_and_studies,"Hvor arbejder han henne?(Københavns Universitet)","Han arbejder på Københavns Universitet.",""
2757d470-5a5f-4c36-b687-ae95a5cd6967,jobs_and_studies,"Hvor længe har han arbejdet der?(13 mdr.)","Han har arbejdet der i tretten måneder.",""
cfaa610b-8429-4035-8635-382bbf0bd3c9,jobs_and_studies,"Hvad laver han?","Han er frisør.",""
aac3b3a7-7643-4801-87b0-dee01e4d2742,jobs_and_studies,"Hvor arbejder han henne?(frisørsalon)","Han arbejder i en frisørsalon.",""
27e3d95c-0c84-43de-99ae-f1da54fa095c,jobs_and_studies,"Hvor længe har han arbejdet der?(1½ å.)","Han har arbejdet der i halvandet år.",""
df59f5ba-4518-4767-9174-ddb28276a889,jobs_and_studies,"Er han glad for sit arbejde?","Nej, ikke rigtigt.","Nej, det er han ikke."
87648572-1267-47b9-b85c-be829cf433b8,jobs_and_studies,"Hvad laver han?","Han er kok.",""
0f9d4499-2953-4e45-9777-0c41b7e0b229,jobs_and_studies,"Hvor arbejder han henne?(restaurant)","Han arbejder på en restaurant.",""
f45210c6-e6c9-43a3-abfe-5c4d05bd6930,jobs_and_studies,"Hvor længe har han arbejdet der?(½ å.)","Han har arbejdet der i et halvt år.",""
3f914e89-41cd-4bca-9943-c78d6a40ec66,jobs_and_studies,"Er han glad for sit arbejde?","Ja, det er han.",""
3bc9aad8-fd33-4631-bd52-cf2192dc19b2,jobs_and_studies,"Hvad laver han?","Han er journalist.",""
0554d3ae-7765-44ca-808e-077955065394,jobs_and_studies,"Hvor arbejder han henne?(avis)","Han arbejder på en avis.",""
054daa90-2cfb-42c2-aefa-6857ad9602c8,jobs_and_studies,"Hvor længe har han arbejdet der?(4 ug.)","Han har arbejdet der i fire uger.",""
63b5da33-105a-490c-abf2-0dd58945c124,jobs_and_studies,"Hvad laver hun?","Hun er pædagog.",""
476a6167-4e7b-48e9-9982-ed7c4b84dea7,jobs_and_studies,"Hvor arbejder hun henne?(børnehave)","Hun arbejder i en børnehave.",""
2b245c11-d6d4-4ee0-a61c-749df2488df9,jobs_and_studies,"Hvor længe har hun arbejdet der?(5½ md.)","Hun har arbejdet der i fem en halv måned.",""
de3be272-4b1b-46ee-b20b-5f185c1583b5,jobs_and_studies,"Er hun glad for sit arbejde?","Ja, det er hun.",""
9a472b2a-51cd-43f7-a9d4-efa52a0395e0,jobs_and_studies,"Hvad laver han?","Han er lærer.",""
a8caf715-efa5-4ece-b79a-03e0a091e251,jobs_and_studies,"Hvor arbejder han henne?(skole)","Han arbejder på en skole.",""
62ae4bc9-2d5f-40bf-8640-91e9e67459a0,jobs_and_studies,"Hvor længe har han arbejdet der?(20 å.)","Han har arbejdet der i 20 år.",""
2945bf4b-d661-40e0-82a3-e5dcc4e0b978,jobs_and_studies,"Hvad laver hun?","Hun er sygeplejerske.",""
28834ff4-3ffc-4a95-bdaa-a08ef1dc7131,jobs_and_studies,"Hvor arbejder hun henne?(hospital)","Hun arbejder på et hospital.",""
ac41d3b1-220d-46a4-9dda-ec9ad9ab42ec,jobs_and_studies,"Hvor længe har hun arbejdet der?(1999)","Hun har arbejdet der siden 1999.",""
78bf4609-c118-43db-8c56-3798dd47b570,jobs_and_studies,"Er hun glad for sit arbejde?","Ja, det er hun.",""
dda68bed-7f4c-417e-90cd-5541e60210c4,jobs_and_studies,"Hvad laver han?","Han er tjener.",""
5e5bd4ba-1d93-4396-9fd9-6adc2c305b70,jobs_and_studies,"Hvor arbejder han henne?(restaurant)","Han arbejder på en restaurant.",""
fbdbd5f1-7b9b-413a-a625-2c9b7973fec0,jobs_and_studies,"Hvor længe har han arbejdet der?(25/1)","Han har arbejdet der siden den femogtyvende januar.",""
23901fa5-71e6-492c-aef7-6c5173b97817,jobs_and_studies,"Er han glad for sit arbejde?","Ja, meget!","Ja, det er han."
a8f0755d-081a-47b4-b338-a63d046df288,jobs_and_studies,"Hvad laver hun?","Hun er tandlæge.",""
ae6140fa-4678-4533-97c4-9bebc4f25a61,jobs_and_studies,"Hvor arbejder hun henne?(tandlægeklinik)","Hun arbejder på en tandlægeklinik.",""
ddda6b9d-36f4-4106-8b7a-7fcd43178908,jobs_and_studies,"Hvor længe har hun arbejdet der?(1½ md.)","Hun har arbejdet der i halvanden måned.",""
d61bb67f-bf94-4a65-85ec-16b2644da00e,jobs_and_studies,"Hvad laver han?","Han er ingeniør.",""
604ce14d-c600-4296-8c5a-edc987ea015e,jobs_and_studies,"Hvor arbejder han henne?(i firma)","Han arbejder i et firma.",""
c76b88b6-4564-4984-accd-56f5d3af29ef,jobs_and_studies,"Hvor længe har han arbejdet der?(9½ md.)","Han har arbejdet der i ni en halv måned.",""
16e80f3a-1327-43f4-8665-f4e46bec727b,jobs_and_studies,"Er han glad for sit arbejde?","Ja, det er han.",""
c22e00db-297e-482a-9d21-b830c4a6d5c1,jobs_and_studies,"Hvad laver han?","Han er fotograf.",""
3b083c6f-cc1b-413e-a6cb-0eef0f5327f5,jobs_and_studies,"Hvor arbejder han henne?(avis)","Han arbejder på en avis.",""
ad5df5e5-552d-49e7-a964-b21fe280a53f,jobs_and_studies,"Hvor længe har han arbejdet der?(3 ug.)","Han har arbejdet der i tre uger.",""
4b3a7a69-9df8-4cdd-abf2-f948a8075494,jobs_and_studies,"Hvad laver han?","Han er læge.",""
9aca9c4b-5a48-4e8b-90fd-be392fad6b9f,jobs_and_studies,"Hvor arbejder han henne?(Rigshospital)","Han arbejder på Rigshospitalet.",""
dffad4e5-32f9-474b-9a61-f5578e140543,jobs_and_studies,"Hvor længe har han arbejdet der?(1 md.)","Han har arbejdet der i en måned.",""
bf01add1-da8b-4291-b3e3-ab375991fb5d,jobs_and_studies,"Er han glad for sit arbejde?","Ja, det er han.",""
5926efb1-8239-45f3-9cdb-3a0992087e7a,jobs_and_studies,"Hvad laver han?","Han er økonom.",""
458575d2-b52b-4e99-b50c-008bf226a22d,jobs_and_studies,"Hvor arbejder han henne?(bank)","Han arbejder i en bank.",""
32a6c4d0-c527-42df-b479-f776cf7fadaf,jobs_and_studies,"Hvor længe har han arbejdet der?(1 å.)","Han har arbejdet der i et år.",""
ecfbd300-ecf6-4025-a380-85be17cb82d5,jobs_and_studies,"Hvad laver hun?","Hun er sekretær.",""
5dcdb214-9f87-46b3-b6f0-71aceac93472,jobs_and_studies,"Hvor arbejder hun henne?(firma)","Hun arbejder i et firma.",""
d155360b-d7b9-4014-b11a-24a23fa21b6e,jobs_and_studies,"Hvor længe har hun arbejdet der?(august 2015)","Hun har arbejdet der siden august 2015.",""
d03edae6-1de3-49c3-b1cf-02db8f5660e3,jobs_and_studies,"Er hun glad for sit arbejde?","Ja, det er hun.",""
2777f989-8635-44ea-8909-c617dbf94bb2,furniture,"Hvad skal han have?","Han skal have to skabe.",""
43b41fd1-6b79-4dae-9429-7492699ca139,furniture,"Hvad skal hun have?","Hun skal have en (spisebords)stol.",""
384c9a69-cffa-4f18-8e97-42d44767d9b6,furniture,"Hvad skal I have?","Vi skal have to (spisebords)stole.",""
daa16a6d-fc99-4ebd-ac85-9d1923155139,furniture,"Hvad skal du have?","Jeg skal have en lænestol.",""
a093960e-57d1-4160-a489-57f642da2900,furniture,"Hvad skal I have?","Vi skal have to lænestole.",""
45f8e7c7-d656-4efb-ae1f-019eb4550795,furniture,"Hvad skal hun have?","Hun skal have en lampe.",""
57e29501-befa-4df9-a9ef-152384da486b,furniture,"Hvad skal I have?","Vi skal have to lamper.",""
4a1fb174-2224-458d-82b8-578e1bd1d74b,furniture,"Hvad skal du have?","Jeg skal have et (gulv)tæppe.",""
10bdf10d-e6f2-4e67-91d0-6b04c8bc65ec,furniture,"Hvad skal I have?","Vi skal have to (gulv)tæpper.",""
a87723d6-5308-4e9a-b4e7-6770736472fe,furniture,"Hvad skal han have?","Han skal have en seng.",""
61b6d645-6973-4e45-9e27-8fe821c6a8c9,furniture,"Hvad skal de have?","De skal have to senge.",""
bf81de4e-e326-44ec-813c-510c1a681f45,furniture,"Hvad skal du have?","Jeg skal have en sofa.",""
c92181e3-4ea1-49f6-8510-d060a5d1f1fc,furniture,"Hvad skal de have?","De skal have to sofaer.",""
ce762fa1-62b6-4f83-babf-f2a072e00aaa,furniture,"Hvad skal hun have?","Hun skal have et sofabord.",""
0bfa8861-c29c-443a-8acb-15eaa98ef685,furniture,"Hvad skal I have?","Vi skal have to sofaborde.",""
ee96e706-c70c-4ece-abd4-f6b8ae8f9aa1,furniture,"Hvad skal I have?","Vi skal have et spisebord.",""
cd98daf3-24d3-41aa-a187-6c7f1daa199a,furniture,"Hvad skal han have?","Han skal have to spiseborde.",""
a93d6d6a-e861-4992-a516-b2f06b71f444,furniture,"Hvad skal han have?","Han skal have et arbejdsbord.",""
f7f28f1e-55ba-4d86-8c12-a735a81a6394,furniture,"Hvad skal de have?","De skal have to arbejdsborde.",""
0e59391a-47e6-4b5f-a0aa-bcd84f849280,furniture,"Hvad skal hun have?","Hun skal have en kommode.",""
d92002d1-b2d6-46ec-b53a-02233e80ecfa,furniture,"Hvad skal du have?","Jeg skal have to kommoder.",""
6afd1ddf-4b3e-4d17-99eb-dc2b7b33cd30,furniture,"Hvad skal han have?","Han skal have et gardin.",""
51204664-c720-4860-85f2-e59499635995,furniture,"Hvad skal I have?","Vi skal have to gardiner.",""
75ab39f8-4790-4cd7-a120-cc16709547d0,furniture,"Hvad skal du have?","Jeg skal have et tv-bord.",""
efd3e4ec-963f-4e92-a65a-354989628145,furniture,"Hvad skal hun have?","Hun skal have to tv-borde.",""
b0ce5558-b469-4ab7-a219-45056e3f91b9,furniture,"Hvad skal de have?","De skal have en reol.",""
ac38c3df-5617-4680-b55b-4ac573140f5b,furniture,"Hvad skal I have?","Vi skal have to reoler.",""
33da80cf-859c-457b-9068-a21fd5851c7e,furniture,"Hvad skal hun have?","Hun skal have en hylde.",""
790924b7-992a-4acf-aec4-bb6207523b2e,furniture,"Hvad skal han have?","Han skal have to hylder.",""
8eef8a1f-be6a-4c95-acfe-3e82a0483f56,furniture,"Hvad skal du have?","Jeg skal have en kontorstol.",""
7c121e5c-a167-4a18-a60c-2eab6ca7193f,furniture,"Hvad skal de have?","De skal have to kontorstole.",""
442e6bac-2f71-4ae4-b3c6-aac411b0713e,furniture,"Hvad skal han have?","Han skal have en arbejdslampe.",""
e04a6a5b-a5ad-41ad-bf0e-a2f637f40d62,furniture,"Hvad skal I have?","Vi skal have to arbejdslamper.",""
e27856e4-fae7-4d33-bf63-37f87976fca8,activities,"Hvad lavede han i går?","Han hørte musik.",""
e7c890f9-8b37-4327-86de-dfdfe34baab3,activities,"Hvad laver han?","Han laver mad.",""
8f1f3489-7891-42d8-81b5-116d263dc93f,activities,"Hvad lavede han i weekenden?","Han lavede mad.",""
9ede8862-ae86-480e-aeca-fd1bb6393a59,activities,"Hvad laver han?","Han læser avis.",""
f973247b-bde4-494d-a469-f0421d96085e,activities,"Hvad lavede han i søndags?","Han læste avis.",""
0718f03f-fcf3-4237-9da9-898dfe5f4c1f,activities,"Hvad laver hun?","Hun ser fjernsyn.",""
4d5f171b-e999-4d48-98b5-42064b10e45a,activities,"Hvad lavede hun i mandags?","Hun så fjernsyn.",""
25cc4507-a3e8-4153-99ef-93ccdda2ee53,activities,"Hvad laver de?","De besøger en af deres venner.",""
932a602b-f46d-431f-83e5-33157c88e499,activities,"Hvad lavede de i fredags?","De besøgte en af deres venner.",""
0602f49a-0661-42bf-be2e-46359b80590a,activities,"Hvad laver de?","De er i byen.","De er på bar."
f3d04631-a6b7-4424-b460-18d966cbb9a3,activities,"Hvad lavede de i torsdags?","De var i byen.","De var på bar."
59536229-aa20-4a04-a3ee-ed9fbd3a220f,activities,"Hvad laver han?","Han går en tur.",""
ce4a629e-e951-4d3d-bcf0-d7a93ce39ac0,activities,"Hvad lavede han i forgårs?","Han gik en tur.",""
d1691348-82e5-4c8e-a217-8ab3023f9aa6,activities,"Hvad laver han?","Han er sammen med sin kæreste/kone.",""
cf7f910e-fdbf-4fc9-be41-d3d4155bf9e2,activities,"Hvad laver hun?","Hun er sammen med sin kæreste/mand.",""
734a795b-1aeb-4079-9390-2892edd99a0d,activities,"Hvad laver hun?","Hun er sammen med sine venner.",""
60a6e995-1ea3-4ad0-8ba4-174940cfd5c0,activities,"Hvad laver drengen?","Han er sammen med sin familie.",""
67a63d83-020f-42a7-a770-ba0ac791f6c2,activities,"Hvad lavede pigen i går?","Hun var sammen med sin familie.",""
7bf738f5-53cb-4495-b594-182c0c13d98d,activities,"Hvad laver de i dag?","De er sammen med deres familie.","De hygger sig."
4f64daaa-2623-4cee-88b4-edf9c4b4eddc,activities,"Hvad lavede de i søndags?","De var sammen med deres familie.","De hyggede sig."
96e40933-4b09-40ae-9ab5-ee9bba397e53,activities,"Hvad laver hun?","Hun køber ind.",""
e972ad06-39fd-4fe1-8a80-856ce8e52e92,activities,"Hvad lavede hun i tirsdags?","Hun købte ind.",""
8a95b9cd-a62e-4de6-a1f6-89b38a8b90f4,activities,"Hvad laver hun?","Hun shopper.",""
09ee6874-bfc3-430f-8efd-c3f81fc0b42a,activities,"Hvad lavede hun i lørdags?","Hun shoppede.",""
56737296-1c19-4005-b975-7c1ef382412c,activities,"Hvad laver hun?","Hun skriver e-mails.",""
6f097995-b89c-4fdd-9fc9-937308da054d,activities,"Hvad lavede hun i går?","Hun skrev e-mails.",""
cc22ab3d-0a6f-47d1-b874-ca2db8614471,activities,"Hvad laver han?","Han læser (en bog).",""
5a13efd3-c3a2-4b7d-be9f-03d029e2857e,activities,"Hvad lavede han i forgårs?","Han læste (en bog).",""
70c8e991-b04e-43ff-8f3c-69d2c1539d05,activities,"Hvad laver han?","Han slapper af.",""
96304c95-a34e-48d4-bd4d-d4a96035a5b4,activities,"Hvad lavede han i weekenden?","Han slappede af.",""
b57f278b-bbea-4550-93ea-f42ac51c4ffa,activities,"Hvad laver han?","Han spiller backgammon.","Han spiller spil."
405be9a9-8941-482a-9f4c-d120b87f2f50,activities,"Hvad lavede han i onsdags?","Han spillede backgammon.","Han spillede spil."
1ad6d324-7cfc-4596-9a37-f18fc340a69a,activities,"Hvad laver de?","De spiller musik.",""
7a6ae2f4-6edf-4dd2-a21f-c7e5f19b2b58,activities,"Hvad lavede de i torsdags?","De spillede musik.",""
cb08a65e-eda4-476e-baa1-3e6b1aa36e7b,activities,"Hvad laver de?","De spiller computer.","De spiller PlayStation/Xbox/..."
a993b2b3-dd67-4107-a92e-61b3191f0dd1,activities,"Hvad lavede de i fredags?","De spillede computer.","De spillede PlayStation/Xbox/..."
0ac79395-8960-4a62-8afd-7f1d84d6b6d6,activities,"Hvad laver han?","Han surfer på nettet.",""
2e302120-a5b8-4768-bf6b-d0e691f49548,activities,"Hvad lavede han i onsdags?","Han surfede på nettet.",""
27d168ff-eff0-473a-a9e9-7d4ab8e784fe,activities,"Hvad laver han?","Han vasker op.",""
404a5655-5827-4092-a69c-98aaaa41305e,activities,"Hvad lavede han i torsdags?","Han vaskede op.",""
4b00e880-c329-42df-8cff-b8c22f717530,activities,"Hvad laver hun?","Hun vasker tøj.",""
8b784d18-5aa9-48d9-bf5b-8232605b88fd,activities,"Hvad lavede hun i mandags?","Hun vaskede tøj.",""
99452e6e-aad2-4f14-ac68-3a8ebe6c7aba,activities,"Hvad laver de?","De er i biografen.",""
a1e64370-3c91-4f88-88ad-48a48ccc4f4d,activities,"Hvad lavede han i tirsdags?","Han var på biblioteket.",""
e88ad5f2-0fa6-4dc3-b8a3-36b2d6bc21d1,activities,"Hvad laver de?","De er på museum.",""
5ef693e0-6330-467e-a67e-d1ee1a1ad916,activities,"Hvad lavede de i lørdags?","De var i teatret.",""
57076ebf-73de-4249-9d99-c610a1a32bb6,activities,"Hvad laver de?","De er på café.",""
de75bcbb-ce0a-4f4c-951c-634de92c26bb,activities,"Hvad lavede de i fredags?","De var til fest.",""
90cbd0ef-8f4d-490c-8576-47eee05448fb,activities,"Hvad laver de?","De er til møde.",""
1291d2aa-5433-4b68-952f-b2399363cfa3,weather,"Hvordan var vejret i går?","Det var koldt.",""
89605a5c-af5b-4b4b-af08-471f85b38a6e,weather,"Hvordan bliver vejret i morgen?","Det bliver varmt.",""
b76e5c25-b102-4ef7-88e6-7085d56d12cd,weather,"Hvordan er vejret?","Det er varmt.",""
50218f20-6dd6-4105-bbfe-c64609dcbe88,weather,"Hvordan er vejret?","Det er regnvejr.","Det regner."
af62e95a-4934-4987-bb63-1431f84dd410,weather,"Hvordan var vejret i weekenden?","Det var regnvejr.","Det regnede."
198285eb-5f0f-4334-b12f-28aee8c32843,weather,"Hvordan bliver vejret på mandag?","Det bliver regnvejr.",""
a0d07120-11c1-466c-b54c-0b9d0a9abc69,weather,"Hvordan er vejret?","Det er blæsevejr.","Det blæser."
b8b25067-424b-418c-8c87-fae8ff7a18c7,weather,"Hvordan var vejret i forgårs?","Det var blæsevejr.","Det blæste."
76128dd8-9301-4d43-84b4-62a156a33845,weather,"Hvordan bliver vejret på onsdag?","Det bliver blæsevejr.",""
fc17d744-3bbd-4f71-abd2-d994b0660e4a,weather,"Hvordan er vejret?","Det er stormvejr.","Det stormer."
f1a9568d-e005-4aed-95a6-3c11a4865f56,weather,"Hvordan var vejret i fredags?","Det var stormvejr.","Det stormede."
d818af51-540d-4729-a7ee-2165dacb32c7,weather,"Hvordan er vejret?","Det er solskinsvejr.","Solen skinner."
26819caa-4843-4108-8a3d-5720d30cca10,weather,"Hvordan var vejret i torsdags?","Det var solskinsvejr.","Solen skinnede."
53ece0fd-ed26-41e7-9ded-6de56a1b0abd,weather,"Hvordan bliver vejret på søndag?","Det bliver solskinsvejr.",""
61671397-0107-4dce-a09e-0a96169a68e7,weather,"Hvordan er vejret?","Det er snevejr.","Det sner."
655f6980-c288-4d86-b2b8-8dae0b22fd40,weather,"Hvordan var vejret i lørdags?","Det var snevejr.","Det sneede."
5723efc2-25f9-4fec-b8db-0c6ae73aee34,weather,"Hvordan er vejret?","Det er gråvejr.",""
1eeadb0d-ba17-4f56-8157-cf14d1c9f4c7,weather,"Hvordan var vejret i torsdags?","Det var gråvejr.",""
dd47e6cd-6120-42e1-b963-1816e6fe534e,weather,"Hvordan bliver vejret i overmorgen?","Det bliver gråvejr.",""
f8b12a43-9c21-4b5e-8d7a-123456789001,basic_introductions,"Hvad hedder du?","Jeg hedder Sarah.","Mit navn er Sarah."
f8b12a43-9c21-4b5e-8d7a-123456789002,basic_introductions,"Hvor kommer du fra?","Jeg kommer fra New Zealand.","Jeg er fra New Zealand."
f8b12a43-9c21-4b5e-8d7a-123456789003,basic_introductions,"Hvor gammel er du?","Jeg er toogtredive år.","Jeg er 32 år."
f8b12a43-9c21-4b5e-8d7a-123456789004,basic_introductions,"Hvor bor du?","Jeg bor i København.","Jeg bor på Frederiksberg."
f8b12a43-9c21-4b5e-8d7a-123456789005,basic_introductions,"Hvad sprog taler du?","Jeg taler engelsk og dansk.",""
f8b12a43-9c21-4b5e-8d7a-123456789006,basic_introductions,"Er du gift?","Ja, jeg er gift.","Nej, jeg er ikke gift."
f8b12a43-9c21-4b5e-8d7a-123456789007,basic_introductions,"Har du børn?","Ja, jeg har to børn.","Nej, jeg har ingen børn."
f8b12a43-9c21-4b5e-8d7a-123456789008,basic_introductions,"Hvordan har du det?","Jeg har det godt, tak.",""
f8b12a43-9c21-4b5e-8d7a-123456789009,basic_introductions,"Hvor længe har du boet i Danmark?","Jeg har boet her i to år.","Jeg flyttede hertil for to år siden."
f8b12a43-9c21-4b5e-8d7a-123456789010,transportation,"Hvordan kommer du på arbejde?","Jeg tager bussen.",""
f8b12a43-9c21-4b5e-8d7a-123456789011,transportation,"Hvornår går det næste tog?","Toget går om ti minutter.",""
f8b12a43-9c21-4b5e-8d7a-123456789012,transportation,"Hvor er busstoppestedet?","Det er lige rundt om hjørnet.",""
f8b12a43-9c21-4b5e-8d7a-123456789013,transportation,"Skal jeg købe en billet?","Ja, du skal købe en billet.",""
f8b12a43-9c21-4b5e-8d7a-123456789014,transportation,"Hvor meget koster en enkeltbillet?","Den koster 24 kroner.",""
f8b12a43-9c21-4b5e-8d7a-123456789015,transportation,"Går denne bus til centrum?","Ja, den kører til centrum.",""
f8b12a43-9c21-4b5e-8d7a-123456789016,transportation,"Hvor lang tid tager turen?","Det tager cirka 20 minutter.",""
f8b12a43-9c21-4b5e-8d7a-123456789017,transportation,"Er der plads til min cykel i toget?","Ja, der er plads til cykler.",""
f8b12a43-9c21-4b5e-8d7a-123456789018,transportation,"Hvilken perron går toget fra?","Det går fra perron 3.",""
f8b12a43-9c21-4b5e-8d7a-123456789019,shopping,"Hvor ligger den nærmeste supermarked?","Det ligger to gader herfra.",""
f8b12a43-9c21-4b5e-8d7a-123456789020,shopping,"Har I økologiske grøntsager?","Ja, de er i den afdeling der.",""
f8b12a43-9c21-4b5e-8d7a-123456789021,shopping,"Hvad koster denne trøje?","Den koster 299 kroner.",""
f8b12a43-9c21-4b5e-8d7a-123456789022,shopping,"Har I dette i størrelse medium?","Ja, vi har det i medium.",""
f8b12a43-9c21-4b5e-8d7a-123456789023,shopping,"Kan jeg betale med kort?","Ja, vi tager både dankort og kreditkort.",""
f8b12a43-9c21-4b5e-8d7a-123456789024,shopping,"Har I en pose?","Ja, en pose koster 2 kroner.",""
f8b12a43-9c21-4b5e-8d7a-123456789025,shopping,"Kan jeg få byttet denne vare?","Ja, med bon inden for 14 dage.",""
f8b12a43-9c21-4b5e-8d7a-123456789026,shopping,"Er der udsalg?","Ja, vi har 50% rabat på alt tøj.",""
f8b12a43-9c21-4b5e-8d7a-123456789027,shopping,"Kan jeg få en kvittering?","Ja, selvfølgelig.",""
f8b12a43-9c21-4b5e-8d7a-123456789028,health_and_emergencies,"Jeg har brug for en læge.","Skal jeg ringe efter en læge?",""
f8b12a43-9c21-4b5e-8d7a-123456789029,health_and_emergencies,"Hvor er det nærmeste apotek?","Det ligger på hovedgaden.",""
f8b12a43-9c21-4b5e-8d7a-123456789030,health_and_emergencies,"Jeg har ondt i maven.","Hvor længe har du haft ondt?",""
f8b12a43-9c21-4b5e-8d7a-123456789031,health_and_emergencies,"Har du hovedpine?","Ja, jeg har hovedpine.",""
f8b12a43-9c21-4b5e-8d7a-123456789032,health_and_emergencies,"Jeg skal bestille en tid.","Hvilken dag passer dig bedst?",""
f8b12a43-9c21-4b5e-8d7a-123456789033,health_and_emergencies,"Er det akut?","Ja, det er meget akut.",""
f8b12a43-9c21-4b5e-8d7a-123456789034,health_and_emergencies,"Hvad er symptomerne?","Jeg har feber og hoste.",""
f8b12a43-9c21-4b5e-8d7a-123456789035,health_and_emergencies,"Tager I imod nye patienter?","Ja, vi tager imod nye patienter.",""
f8b12a43-9c21-4b5e-8d7a-123456789036,health_and_emergencies,"Ring 112!","Jeg ringer efter en ambulance.",""
f8b12a43-9c21-4b5e-8d7a-123456789037,directions,"Hvor ligger banegården?","Den ligger lige frem og til højre.",""
f8b12a43-9c21-4b5e-8d7a-123456789038,directions,"Hvordan kommer jeg til biblioteket?","Gå lige ud og drej til venstre.",""
f8b12a43-9c21-4b5e-8d7a-123456789039,directions,"Er det langt herfra?","Nej, det er cirka 5 minutter til fods.",""
f8b12a43-9c21-4b5e-8d7a-123456789040,directions,"Kan jeg gå derhen?","Ja, det er inden for gåafstand.",""
f8b12a43-9c21-4b5e-8d7a-123456789041,directions,"Undskyld, jeg er faret vild.","Hvor skal du hen?",""
f8b12a43-9c21-4b5e-8d7a-123456789042,directions,"Er dette den rigtige vej?","Ja, du går den rigtige vej.",""
f8b12a43-9c21-4b5e-8d7a-123456789043,directions,"Hvor er den nærmeste café?","Der ligger en café på hjørnet.",""
f8b12a43-9c21-4b5e-8d7a-123456789044,directions,"Er der en park i nærheden?","Ja, parken ligger bag kirken.",""
f8b12a43-9c21-4b5e-8d7a-123456789045,directions,"Kan du vise mig på kortet?","Ja, vi er her, og du skal derhen.",""
f8b12a43-9c21-4b5e-8d7a-123456789046,housing,"Hvor stort er lejligheden?","Den er 75 kvadratmeter.",""
f8b12a43-9c21-4b5e-8d7a-123456789047,housing,"Hvad er huslejen?","Huslejen er 8.000 kr. om måneden.",""
f8b12a43-9c21-4b5e-8d7a-123456789048,housing,"Er der vaskemaskine?","Ja, der er vaskekælder.",""
f8b12a43-9c21-4b5e-8d7a-123456789049,housing,"Hvor mange værelser er der?","Der er tre værelser og et køkken.",""
f8b12a43-9c21-4b5e-8d7a-123456789050,housing,"Er der altan?","Ja, der er en stor altan mod syd.",""
f8b12a43-9c21-4b5e-8d7a-123456789051,housing,"Er varme inkluderet?","Nej, varme betales separat.",""
f8b12a43-9c21-4b5e-8d7a-123456789052,housing,"Hvornår kan jeg flytte ind?","Du kan flytte ind den første.",""
f8b12a43-9c21-4b5e-8d7a-123456789053,housing,"Skal jeg betale depositum?","Ja, tre måneders depositum.",""
f8b12a43-9c21-4b5e-8d7a-123456789054,housing,"Må jeg have husdyr?","Ja, små husdyr er tilladt.",""
f8b12a43-9c21-4b5e-8d7a-123456789055,daily_routines,"Hvornår står du op?","Jeg står op klokken syv.",""
f8b12a43-9c21-4b5e-8d7a-123456789056,daily_routines,"Hvad spiser du til morgenmad?","Jeg spiser havregryn.",""
f8b12a43-9c21-4b5e-8d7a-123456789057,daily_routines,"Hvordan kommer du på arbejde?","Jeg cykler på arbejde.",""
f8b12a43-9c21-4b5e-8d7a-123456789058,daily_routines,"Hvornår har du frokostpause?","Jeg har pause klokken tolv.",""
f8b12a43-9c21-4b5e-8d7a-123456789059,daily_routines,"Hvad laver du efter arbejde?","Jeg træner i fitnesscenteret.",""
f8b12a43-9c21-4b5e-8d7a-123456789060,daily_routines,"Hvornår spiser du aftensmad?","Jeg spiser omkring klokken seks.",""
f8b12a43-9c21-4b5e-8d7a-123456789061,daily_routines,"Ser du fjernsyn om aftenen?","Ja, jeg ser lidt fjernsyn.",""
f8b12a43-9c21-4b5e-8d7a-123456789062,daily_routines,"Hvornår går du i seng?","Jeg går i seng klokken elleve.",""
f8b12a43-9c21-4b5e-8d7a-123456789063,daily_routines,"Laver du madpakke?","Ja, jeg laver madpakke hver dag.",""
f8b12a43-9c21-4b5e-8d7a-123456789064,daily_routines,"Hvad laver du i weekenden?","Jeg slapper af og ser venner.",""
f8b12a43-9c21-4b5e-8d7a-323456789001,football,"Hvilket hold holder du med?","Jeg holder med FC København.",""
f8b12a43-9c21-4b5e-8d7a-323456789002,football,"Hvornår er den næste kamp?","På lørdag klokken 16.","På lørdag eftermiddag."
f8b12a43-9c21-4b5e-8d7a-323456789003,football,"Spiller du selv fodbold?","Ja, jeg spiller på et lokalt hold.",""
f8b12a43-9c21-4b5e-8d7a-323456789004,football,"Hvilken position spiller du?","Jeg spiller midtbane.",""
f8b12a43-9c21-4b5e-8d7a-323456789005,football,"Hvor ofte træner I?","Vi træner tirsdag og torsdag.",""
f8b12a43-9c21-4b5e-8d7a-323456789006,football,"Har du set kampen?","Ja, det var en god kamp.","Ja, det var en spændende kamp."
f8b12a43-9c21-4b5e-8d7a-323456789007,football,"Hvor kan man købe billetter?","Du kan købe dem online eller i klubhuset.",""
f8b12a43-9c21-4b5e-8d7a-323456789008,football,"Er der udebaneture?","Ja, vi tager til Aarhus næste uge.",""
f8b12a43-9c21-4b5e-8d7a-323456789009,football,"Skal vi se kampen sammen?","Ja, lad os mødes i fanklubben.",""
f8b12a43-9c21-4b5e-8d7a-323456789010,football,"Hvordan gik træningen?","Det gik godt, men jeg er træt.",""
f8b12a43-9c21-4b5e-8d7a-323456789011,football,"Er banen god at spille på?","Ja, græsset er perfekt i dag.",""
f8b12a43-9c21-4b5e-8d7a-323456789012,football,"Har du dine fodboldstøvler med?","Ja, jeg har dem i tasken.",""
f8b12a43-9c21-4b5e-8d7a-323456789013,trail_running,"Kender du nogle gode løberuter?","Ja, Dyrehaven er perfekt til trail running.",""
f8b12a43-9c21-4b5e-8d7a-323456789014,trail_running,"Hvor lang er ruten?","Den er cirka ti kilometer.","Den tager omkring en time."
f8b12a43-9c21-4b5e-8d7a-323456789015,trail_running,"Er stien godt markeret?","Ja, følg de røde mærker.",""
f8b12a43-9c21-4b5e-8d7a-323456789016,trail_running,"Er der mange bakker?","Ja, særligt i den sidste del.",""
f8b12a43-9c21-4b5e-8d7a-323456789017,trail_running,"Har du vandflasken med?","Ja, og nogle energibarer.",""
f8b12a43-9c21-4b5e-8d7a-323456789018,trail_running,"Er der drikkevand undervejs?","Ja, der er en vandpost ved shelteren.",""
f8b12a43-9c21-4b5e-8d7a-323456789019,trail_running,"Hvornår løber du normalt?","Jeg løber tidligt om morgenen.",""
f8b12a43-9c21-4b5e-8d7a-323456789020,trail_running,"Er stierne mudrede?","Ja, tag trail-sko på.",""
f8b12a43-9c21-4b5e-8d7a-323456789021,trail_running,"Skal vi løbe sammen i weekenden?","Ja, lad os mødes ved parkeringspladsen.",""
f8b12a43-9c21-4b5e-8d7a-323456789022,trail_running,"Kender du Hareskoven?","Ja, der er gode trails derude.",""
f8b12a43-9c21-4b5e-8d7a-323456789023,trail_running,"Hvordan var din løbetur?","Det var hårdt, men fantastisk udsigt.","Det var anstrengende, men smuk natur."
f8b12a43-9c21-4b5e-8d7a-323456789024,trail_running,"Er der vilde dyr på ruten?","Ja, vi ser tit rådyr om morgenen.",""
f8b12a43-9c21-4b5e-8d7a-323456789025,trail_running,"Hvad er din længste tur?","Min længste tur var 25 kilometer.",""
f8b12a43-9c21-4b5e-8d7a-323456789026,trail_running,"Er der toiletter ved ruten?","Ja, ved startpunktet og midtvejs.",""
f8b12a43-9c21-4b5e-8d7a-323456789027,trail_running,"Bruger du løbe-app?","Ja, jeg bruger Strava.",""
f8b12a43-9c21-4b5e-8d7a-223456789001,family_relations,"Hvem er det på billedet?","Det er min mor og far.",""
f8b12a43-9c21-4b5e-8d7a-223456789002,family_relations,"Har du søskende?","Ja, jeg har en storebror og en lillesøster.",""
f8b12a43-9c21-4b5e-8d7a-223456789003,family_relations,"Er dine bedsteforældre danske?","Nej, de bor i Holland.",""
f8b12a43-9c21-4b5e-8d7a-223456789004,family_relations,"Hvor gammel er din datter?","Hun er fem år gammel.",""
f8b12a43-9c21-4b5e-8d7a-223456789005,family_relations,"Hvad laver din kone?","Hun arbejder som læge.","Hun er læge."
f8b12a43-9c21-4b5e-8d7a-223456789006,family_relations,"Hvor bor din fætter?","Han bor i Auckland.","Han er flyttet til Auckland."
f8b12a43-9c21-4b5e-8d7a-223456789007,family_relations,"Er din kusine gift?","Ja, hun blev gift sidste sommer.",""
f8b12a43-9c21-4b5e-8d7a-223456789008,family_relations,"Kommer din svigerfamilie på besøg?","Ja, de kommer til jul.",""
f8b12a43-9c21-4b5e-8d7a-223456789009,family_relations,"Hvor mange børnebørn har din mormor?","Hun har fem børnebørn.",""
f8b12a43-9c21-4b5e-8d7a-223456789010,hobbies_interests,"Hvad laver du i din fritid?","Jeg spiller rugby.","Jeg går til rugby."
f8b12a43-9c21-4b5e-8d7a-223456789011,hobbies_interests,"Hvor ofte træner du?","Jeg træner tre gange om ugen.",""
f8b12a43-9c21-4b5e-8d7a-223456789012,hobbies_interests,"Kan du lide at læse?","Ja, jeg læser meget.","Ja, jeg elsker at læse."
f8b12a43-9c21-4b5e-8d7a-223456789013,hobbies_interests,"Hvilken slags musik hører du?","Jeg hører mest pop og rock.",""
f8b12a43-9c21-4b5e-8d7a-223456789014,hobbies_interests,"Spiller du et instrument?","Ja, jeg spiller guitar.",""
f8b12a43-9c21-4b5e-8d7a-223456789015,hobbies_interests,"Går du til dans?","Nej, men jeg vil gerne lære det.",""
f8b12a43-9c21-4b5e-8d7a-223456789016,hobbies_interests,"Ser du serier på Netflix?","Ja, jeg ser mange serier.","Ja, jeg streamer meget."
f8b12a43-9c21-4b5e-8d7a-223456789017,hobbies_interests,"Laver du mad?","Ja, jeg elsker at lave mad.",""
f8b12a43-9c21-4b5e-8d7a-223456789018,hobbies_interests,"Har du en have?","Ja, jeg dyrker grøntsager.",""
f8b12a43-9c21-4b5e-8d7a-223456789019,celebrations,"Hvornår har du fødselsdag?","Jeg har fødselsdag den 15. marts.",""
f8b12a43-9c21-4b5e-8d7a-223456789020,celebrations,"Fejrer I jul?","Ja, vi fejrer dansk jul.","Ja, vi holder jul på dansk vis."
f8b12a43-9c21-4b5e-8d7a-223456789021,celebrations,"Hvad laver I til nytår?","Vi ser fyrværkeri ved Rådhuspladsen.",""
f8b12a43-9c21-4b5e-8d7a-223456789022,celebrations,"Holder I fastelavn?","Ja, børnene slår katten af tønden.",""
f8b12a43-9c21-4b5e-8d7a-223456789023,celebrations,"Fejrer du påske?","Ja, vi holder påskefrokost.",""
f8b12a43-9c21-4b5e-8d7a-223456789024,celebrations,"Kommer I til sommerfesten?","Ja, vi kommer alle sammen.",""
f8b12a43-9c21-4b5e-8d7a-223456789025,celebrations,"Hvad ønsker du dig i gave?","Jeg ønsker mig en ny cykel.",""
f8b12a43-9c21-4b5e-8d7a-223456789026,celebrations,"Skal I holde sankthans?","Ja, vi skal se bålet ved stranden.",""
f8b12a43-9c21-4b5e-8d7a-223456789027,celebrations,"Er der reception efter brylluppet?","Ja, det er på Restaurant Noma.",""
f8b12a43-9c21-4b5e-8d7a-223456789028,phone_communication,"Kan jeg låne din telefon?","Ja, selvfølgelig.","Ja, værsgo."
f8b12a43-9c21-4b5e-8d7a-223456789029,phone_communication,"Hvad er dit nummer?","Mit nummer er 50 12 34 56.",""
f8b12a43-9c21-4b5e-8d7a-223456789030,phone_communication,"Kan du sende mig en SMS?","Ja, jeg sender den nu.",""
f8b12a43-9c21-4b5e-8d7a-223456789031,phone_communication,"Har du MobilePay?","Ja, jeg kan sende dig penge.",""
f8b12a43-9c21-4b5e-8d7a-223456789032,phone_communication,"Er der god forbindelse her?","Nej, signalet er dårligt.",""
f8b12a43-9c21-4b5e-8d7a-223456789033,phone_communication,"Skal vi FaceTime?","Ja, ring når du er klar.",""
f8b12a43-9c21-4b5e-8d7a-223456789034,phone_communication,"Har du taletidskort?","Nej, jeg har abonnement.",""
f8b12a43-9c21-4b5e-8d7a-223456789035,phone_communication,"Kan du høre mig?","Ja, men du bryder lidt ud.",""
f8b12a43-9c21-4b5e-8d7a-223456789036,phone_communication,"Ringer du tilbage senere?","Ja, om en halv time.",""
f8b12a43-9c21-4b5e-8d7a-223456789037,emotions_feelings,"Hvordan har du det?","Jeg er meget glad i dag.",""
f8b12a43-9c21-4b5e-8d7a-223456789038,emotions_feelings,"Er du træt?","Ja, jeg er udmattet.",""
f8b12a43-9c21-4b5e-8d7a-223456789039,emotions_feelings,"Hvorfor er du ked af det?","Jeg savner min familie.",""
f8b12a43-9c21-4b5e-8d7a-223456789040,emotions_feelings,"Er du stresset?","Ja, jeg har meget arbejde.",""
f8b12a43-9c21-4b5e-8d7a-223456789041,emotions_feelings,"Er du nervøs?","Ja, lidt nervøs.","Ja, jeg har sommerfugle i maven."
f8b12a43-9c21-4b5e-8d7a-223456789042,emotions_feelings,"Er du sulten?","Ja, jeg er meget sulten.",""
f8b12a43-9c21-4b5e-8d7a-223456789043,emotions_feelings,"Er du forvirret?","Ja, jeg forstår det ikke.",""
f8b12a43-9c21-4b5e-8d7a-223456789044,emotions_feelings,"Er du overrasket?","Ja, det havde jeg ikke ventet.",""
f8b12a43-9c21-4b5e-8d7a-223456789045,emotions_feelings,"Er du skuffet?","Ja, det gik ikke som planlagt.",""
f8b12a43-9c21-4b5e-8d7a-223456789046,internet_computer,"Hvad er WiFi-koden?","Koden er Danmark2024.",""
f8b12a43-9c21-4b5e-8d7a-223456789047,internet_computer,"Virker internettet?","Nej, det er meget langsomt.",""
f8b12a43-9c21-4b5e-8d7a-223456789048,internet_computer,"Har du en oplader?","Ja, du kan låne min.",""
f8b12a43-9c21-4b5e-8d7a-223456789049,internet_computer,"Kan du hjælpe med computeren?","Ja, hvad er problemet?",""
f8b12a43-9c21-4b5e-8d7a-223456789050,internet_computer,"Har du printet dokumenterne?","Ja, de ligger på bordet.",""
f8b12a43-9c21-4b5e-8d7a-223456789051,internet_computer,"Skal jeg gemme filen?","Ja, gem den på skrivebordet.",""
f8b12a43-9c21-4b5e-8d7a-223456789052,internet_computer,"Er der virus på computeren?","Ja, vi skal scanne den.",""
f8b12a43-9c21-4b5e-8d7a-223456789053,internet_computer,"Har du backup?","Ja, på min eksterne harddisk.",""
f8b12a43-9c21-4b5e-8d7a-223456789054,internet_computer,"Er skærmen gået i stykker?","Ja, den skal repareres.",""
f8b12a43-9c21-4b5e-8d7a-223456789055,nature_environment,"Hvor er den nærmeste park?","Fælledparken ligger tæt på.",""
f8b12a43-9c21-4b5e-8d7a-223456789056,nature_environment,"Er der en strand i nærheden?","Ja, Amager Strand.",""
f8b12a43-9c21-4b5e-8d7a-223456789057,nature_environment,"Har du set den nye vindmøllepark?","Ja, den er imponerende.",""
f8b12a43-9c21-4b5e-8d7a-223456789058,nature_environment,"Sorterer du dit affald?","Ja, i fire forskellige containere.",""
f8b12a43-9c21-4b5e-8d7a-223456789059,nature_environment,"Er luften ren i dag?","Ja, det er en klar dag.",""
f8b12a43-9c21-4b5e-8d7a-223456789060,nature_environment,"Hvor er genbrugsstationen?","Den ligger på Vermlandsgade.",""
f8b12a43-9c21-4b5e-8d7a-223456789061,nature_environment,"Er vandet rent nok til at bade?","Ja, der er blåt flag.",""
f8b12a43-9c21-4b5e-8d7a-223456789062,nature_environment,"Hvornår planter du blomster?","Jeg planter dem i foråret.",""
f8b12a43-9c21-4b5e-8d7a-223456789063,nature_environment,"Er skoven åben for offentligheden?","Ja, den er åben hele året.",""