"danishPhrase","englishTranslation","situationalContext","languageLevel"
"Algoritmen analyserer brugernes adfærdsmønstre for at optimere brugeroplevelsen","The algorithm analyzes users' behavioral patterns to optimize the user experience","Specialized Terminology","B2"
"At falde i staver betyder at dagdrømme eller være fraværende i tankerne","To 'falde i staver' means to daydream or be absent in thought","Humor & Idioms","B1"
"Baseret på de empiriske data kan vi konkludere, at hypotesen er bekræftet","Based on the empirical data, we can conclude that the hypothesis is confirmed","Academic Discussions","B2"
"Biblioteket har mange gode bøger om emnet","The library has many good books on the subject","Education","A2"
"Biblioteket har åbent til klokken syv om aftenen","The library is open until seven in the evening","Local Community","A2"
"Billedet hænger på en kridhvid væg over en antik kommode","The picture hangs on a chalk-white wall above an antique dresser","Detailed Descriptions","B1"
"Butikken åbner klokken ti","The store opens at ten o'clock","Numbers/Time","A1"
"Børnene leger ofte i parken efter skole","The children often play in the park after school","Local Community","A2"
"Da jeg var barn, boede vi på landet","When I was a child, we lived in the countryside","Past Experiences","A2"
"De er tvillinger","They are twins","Family","A1"
"De sociale mediers algoritmer forstærker eksisterende holdninger og bidrager til polarisering","Social media algorithms amplify existing attitudes and contribute to polarization","Media & Digital Communication","B2"
"Debatten om indvandring afspejler grundlæggende værdimæssige forskelle i samfundet","The debate on immigration reflects fundamental value differences in society","Social Issues & Politics","B2"
"Dejligt at møde dig","Nice to meet you","Introductions","A1"
"Dejligt vejr i dag","Nice weather today","Small Talk","A1"
"Den er for lille","It's too small","Basic Shopping","A1"
"Den sidste bus kører klokken 23:30","The last bus runs at 11:30 PM","Transportation","A2"
"Der er en brand!","There's a fire!","Emergency","A1"
"Der er en god cykelsti langs floden","There is a good bike path along the river","Local Community","A2"
"Der er en god festival i vores lokalområde næste måned","There's a good festival in our local area next month","Local Community","A2"
"Der er en interessant dokumentar på tv i aften","There is an interesting documentary on TV tonight","Cultural Activities","A2"
"Der er en interessant festival næste weekend","There is an interesting festival next weekend","Cultural Activities","A2"
"Der er en park i nærheden","There is a park nearby","Simple Directions","A1"
"Der er et marked på torvet hver lørdag","There is a market in the square every Saturday","Local Community","A2"
"Der er et problem med opvarmningen","There is a problem with the heating","Home & Housing","A2"
"Der er intet varmt vand","There is no hot water","Accommodation","A1"
"Der er mange caféer i vores nabolag","There are many cafés in our neighborhood","Local Community","A2"
"Der er mange nye ansatte i vores afdeling","There are many new employees in our department","Work Environment","A2"
"Der er ofte forsinkelser på denne rute","There are often delays on this route","Transportation","A2"
"Der er sket en ulykke","There has been an accident","Emergency","A1"
"Det bliver regnvejr i morgen","It will be rainy tomorrow","Weather","A1"
"Det blæser for meget til at sidde udenfor","It's too windy to sit outside","Weather","A2"
"Det blæser meget","It's very windy","Weather","A1"
"Det blæser meget i dag","It's very windy today","Weather","A1"
"Det er bag ved skolen","It's behind the school","Simple Directions","A1"
"Det er beskidt","It's dirty","Basic Communication","A1"
"Det er billigt","It's cheap","Basic Shopping","A1"
"Det er cirka fem minutter herfra","It's about five minutes from here","Simple Directions","A1"
"Det er den femtende maj","It's the fifteenth of May","Numbers/Time","A1"
"Det er dårligt","It's bad","Basic Communication","A1"
"Det er en myte, at alle danskere er blonde og blåøjede","It's a myth that all Danes are blonde and blue-eyed","Cultural Insights & Customs","B2"
"Det er en overraskelse","It's a surprise","Celebrations","A1"
"Det er en smuk dag","It's a beautiful day","Weather","A1"
"Det er for dyrt","It's too expensive","Basic Shopping","A1"
"Det er for koldt","It's too cold","Weather","A1"
"Det er for varmt","It's too hot","Weather","A1"
"Det er foran hotellet","It's in front of the hotel","Simple Directions","A1"
"Det er forkert","That's wrong","Basic Communication","A1"
"Det er fuldt","It's full","Basic Communication","A1"
"Det er færdigt","It's finished","Basic Communication","A1"
"Det er gammelt","It's old","Basic Communication","A1"
"Det er godt","It's good","Basic Communication","A1"
"Det er grimt","It's ugly","Basic Communication","A1"
"Det er hurtigt","It's fast","Basic Communication","A1"
"Det er ikke færdigt","It's not finished","Basic Communication","A1"
"Det er ikke nødvendigt","It's not necessary","Basic Communication","A1"
"Det er ikke sandt","That's not true","Basic Communication","A1"
"Det er ikke til at stikke en knappenål imellem","You can't stick a pin between it (idiom: there's no difference/it's perfect)","Idiomatic Expressions","B2"
"Det er ikke vigtigt","It's not important","Basic Communication","A1"
"Det er interessant","It's interesting","Basic Communication","A1"
"Det er interessant, men jeg er ikke helt enig","It's interesting, but I don't completely agree","Personal Opinions","A2"
"Det er kedeligt","It's boring","Basic Communication","A1"
"Det er koldt","It's cold","Basic Communication","A1"
"Det er koldt i dag","It's cold today","Weather","A1"
"Det er langsomt","It's slow","Basic Communication","A1"
"Det er langt væk","It's far away","Simple Directions","A1"
"Det er let","It's light","Basic Communication","A1"
"Det er lige til højrebenet","It's right up your alley (idiom: it's perfect for you/straightforward)","Idiomatic Expressions","B2"
"Det er lille","It's small","Basic Communication","A1"
"Det er lukket","It's closed","Basic Communication","A1"
"Det er mandag i dag","It's Monday today","Numbers/Time","A1"
"Det er mellem posthuset og apoteket","It's between the post office and the pharmacy","Simple Directions","A1"
"Det er min første gang i Danmark","It's my first time in Denmark","Basic Communication","A1"
"Det er mit postnummer","That is my postal code","Basic Communication","A1"
"Det er muligt","It's possible","Basic Communication","A1"
"Det er nemt","It's easy","Basic Communication","A1"
"Det er nyt","It's new","Basic Communication","A1"
"Det er okay","That's okay","Basic Communication","A1"
"Det er overfor kirken","It's across from the church","Simple Directions","A1"
"Det er overskyet","It's cloudy","Weather","A1"
"Det er på højre side","It's on the right side","Simple Directions","A1"
"Det er på venstre side","It's on the left side","Simple Directions","A1"
"Det er regnvejr","It's rainy weather","Weather","A1"
"Det er rent","It's clean","Basic Communication","A1"
"Det er rigtigt","That's right","Basic Communication","A1"
"Det er sandt","That's true","Basic Communication","A1"
"Det er sent","It's late","Basic Communication","A1"
"Det er sjovt","It's fun","Basic Communication","A1"
"Det er smukt","It's beautiful","Basic Communication","A1"
"Det er solskin","It's sunny","Weather","A1"
"Det er stort","It's big","Basic Communication","A1"
"Det er svært","It's difficult","Basic Communication","A1"
"Det er svært at vedligeholde venskaber, når man bor langt fra hinanden","It's difficult to maintain friendships when you live far apart","Emotions & Relationships","B1"
"Det er tidligt","It's early","Basic Communication","A1"
"Det er tomt","It's empty","Basic Communication","A1"
"Det er tordenvejr","It's thunderstorm weather","Weather","A1"
"Det er tungt","It's heavy","Basic Communication","A1"
"Det er tåget","It's foggy","Weather","A1"
"Det er tæt på","It's close by","Simple Directions","A1"
"Det er umuligt","It's impossible","Basic Communication","A1"
"Det er varmt","It's hot","Basic Communication","A1"
"Det er varmt i dag","It's warm today","Weather","A1"
"Det er ved siden af banken","It's next to the bank","Simple Directions","A1"
"Det er vigtigt","It's important","Basic Communication","A1"
"Det er vigtigt at spise sundt og dyrke motion","It's important to eat healthy and exercise","Personal Opinions","A2"
"Det er åbent","It's open","Basic Communication","A1"
"Det forekommer mig, at argumentet bygger på fejlagtige præmisser","It seems to me that the argument is based on flawed premises","Sophisticated Opinions","B2"
"Det forstår jeg godt","I understand that well","Basic Communication","A1"
"Det forstår jeg ikke","I don't understand that","Basic Communication","A1"
"Det går op i en højere enhed","It all comes together (idiom: everything falls into place)","Humor & Idioms","B1"
"Det gør ikke noget","It doesn't matter","Courtesy Phrases","A1"
"Det gør mig glad at se dig smile","It makes me happy to see you smile","Emotions & Feelings","A2"
"Det hagler","It's hailing","Weather","A1"
"Det har været usædvanligt varmt for årstiden","It has been unusually warm for the season","Weather","A2"
"Det koster femogtyve kroner","It costs twenty-five kroner","Basic Shopping","A1"
"Det kræver tålmodighed at lære et nyt sprog","It takes patience to learn a new language","Educational Topics","B1"
"Det lyder spændende","That sounds exciting","Small Talk","A1"
"Det passer mig fint","It fits me well","Basic Shopping","A1"
"Det regner i dag","It's raining today","Weather","A1"
"Det ser ud til, at det bliver regnvejr i morgen","It looks like it's going to rain tomorrow","Weather","A2"
"Det smager godt","It tastes good","Restaurant/Café","A1"
"Det sner","It's snowing","Weather","A1"
"Det var en meget interessant oplevelse","It was a very interesting experience","Past Experiences","A2"
"Det var hyggeligt","It was cozy/nice","Courtesy Phrases","A1"
"Det var hyggeligt at møde dig","It was nice to meet you","Introductions","A1"
"Det var kedeligt","That was boring","Small Talk","A1"
"Det var virkelig lækkert","It was really delicious","Courtesy Phrases","A1"
"Det ved jeg ikke","I don't know that","Basic Communication","A1"
"Dette smager godt","This tastes good","Restaurant/Café","A1"
"Drej til højre","Turn right","Simple Directions","A1"
"Drej til venstre","Turn left","Simple Directions","A1"
"Drej ved lyskrydset","Turn at the traffic light","Simple Directions","A1"
"Drik noget vand","Drink some water","Basic Communication","A1"
"Drøm sødt","Sweet dreams","Courtesy Phrases","A1"
"Du kan købe billetter i automaten eller online","You can buy tickets at the machine or online","Transportation","A2"
"Du skal aflevere din selvangivelse inden den 1. juli","You must submit your tax return before July 1st","Bureaucracy & Administration","B1"
"Du skal udfylde disse formularer og aflevere dem på kommunekontoret","You need to fill out these forms and submit them at the municipal office","Bureaucracy & Administration","B1"
"Du skal underskrive dokumentet her","You need to sign the document here","Bureaucracy & Administration","A2"
"Efter dig","After you","Courtesy Phrases","A1"
"Efter jeg er færdig med min uddannelse, vil jeg gerne arbejde i udlandet","After I finish my education, I would like to work abroad","Future Plans & Aspirations","B1"
"Efter min mening er denne bog bedre end filmen","In my opinion, this book is better than the movie","Personal Opinions","A2"
"Efter min mening er offentlig transport vigtig","In my opinion, public transportation is important","Personal Opinions","A2"
"Efter tre års intensivt arbejde med projektet, kunne vi endelig præsentere resultaterne for offentligheden","After three years of intensive work on the project, we could finally present the results to the public","Extended Narratives","B2"
"Elleve, tolv, tretten","Eleven, twelve, thirteen","Numbers/Time","A1"
"Elleve, tolv, tretten, fjorten, femten","Eleven, twelve, thirteen, fourteen, fifteen","Numbers/Time","A1"
"En kande vand, tak","A pitcher of water, please","Restaurant/Café","A1"
"En kop kaffe, tak","A cup of coffee, please","Restaurant/Café","A1"
"En kop te, tak","A cup of tea, please","Restaurant/Café","A1"
"En øl, tak","A beer, please","Restaurant/Café","A1"
"En, to, tre, fire, fem","One, two, three, four, five","Numbers/Time","A1"
"Er banken lukket om søndagen?","Is the bank closed on Sundays?","Basic Shopping","A1"
"Er butikken åben nu?","Is the store open now?","Basic Shopping","A1"
"Er denne plads optaget?","Is this seat taken?","Transportation","A1"
"Er der Wi-Fi på værelset?","Is there Wi-Fi in the room?","Accommodation","A1"
"Er der en rundvisning på engelsk?","Is there a tour in English?","Cultural Activities","A1"
"Er der et apotek i nærheden?","Is there a pharmacy nearby?","Basic Health","A1"
"Er der et supermarked i nærheden?","Is there a supermarket nearby?","Basic Shopping","A1"
"Er der et toilet her?","Is there a toilet here?","Basic Needs","A1"
"Er der forsinkelser i dag?","Are there delays today?","Transportation","A1"
"Er der garanti på denne vare?","Is there a warranty on this item?","Shopping Specifics","A2"
"Er der kød i denne ret?","Is there meat in this dish?","Restaurant/Café","A1"
"Er der parkering her?","Is there parking here?","Basic Needs","A1"
"Er der plads til min kuffert?","Is there room for my suitcase?","Transportation","A1"
"Er der plads til to personer?","Is there room for two people?","Restaurant/Café","A1"
"Er der rabat?","Is there a discount?","Basic Shopping","A1"
"Er der salt og peber?","Is there salt and pepper?","Restaurant/Café","A1"
"Er der sukker?","Is there sugar?","Restaurant/Café","A1"
"Er der toilet her?","Is there a toilet here?","Basic Needs","A1"
"Er der udsalg nu?","Is there a sale now?","Basic Shopping","A1"
"Er der vegetariske retter?","Are there vegetarian dishes?","Restaurant/Café","A1"
"Er det den rigtige bus til lufthavnen?","Is this the right bus to the airport?","Transportation","A1"
"Er det langt herfra?","Is it far from here?","Simple Directions","A1"
"Er dette glutenfri?","Is this gluten-free?","Restaurant/Café","A1"
"Er dette typisk dansk?","Is this typically Danish?","Restaurant/Café","A1"
"Er dette økologisk?","Is this organic?","Basic Shopping","A1"
"Er du gift?","Are you married?","Family","A1"
"Er maden stærk?","Is the food spicy?","Restaurant/Café","A1"
"Er morgenmad inkluderet?","Is breakfast included?","Accommodation","A1"
"Et enkeltbillet, tak","A one-way ticket, please","Transportation","A1"
"Et, to, tre, fire, fem","One, two, three, four, five","Numbers/Time","A1"
"Farvel","Goodbye","Greetings","A1"
"Fem minutter i tre","Five minutes to three","Numbers/Time","A1"
"Filmen begynder klokken otte, så vi skal skynde os","The movie starts at eight, so we need to hurry","Cultural Activities","A2"
"Filmen var ikke så god, som jeg havde forventet","The movie wasn't as good as I had expected","Past Experiences","A2"
"Filmen varer to timer","The movie lasts two hours","Numbers/Time","A1"
"For en uge siden","A week ago","Numbers/Time","A1"
"For to dage siden","Two days ago","Numbers/Time","A1"
"Forfatterens brug af fremmedgørelse som litterært greb skaber en dyb refleksion over moderniteten","The author's use of alienation as a literary device creates a deep reflection on modernity","Literary Analysis","B2"
"Forfatterens brug af symbolik i romanen afspejler tidens sociale problemer","The author's use of symbolism in the novel reflects the social problems of the time","Literary Analysis","B2"
"Fortsæt til krydset","Continue to the intersection","Simple Directions","A1"
"Forår, sommer, efterår, vinter","Spring, summer, autumn, winter","Weather","A1"
"Føl dig hjemme","Feel at home","Courtesy Phrases","A1"
"Galleriet åbner en ny udstilling næste måned","The gallery is opening a new exhibition next month","Cultural Activities","A2"
"Gennem tre årtier har vi været vidne til en gradvis, men gennemgribende transformation af arbejdsmarkedet","Through three decades, we have witnessed a gradual but profound transformation of the labor market","Extended Narratives","B2"
"Glædelig jul og godt nytår!","Merry Christmas and Happy New Year!","Celebrations","A1"
"God aften, alle sammen","Good evening, everyone","Greetings","A1"
"God appetit","Enjoy your meal","Restaurant/Café","A1"
"God arbejdslyst","Enjoy your work","Courtesy Phrases","A1"
"God bedring","Get well soon","Courtesy Phrases","A1"
"God eftermiddag","Good afternoon","Greetings","A1"
"God jul","Merry Christmas","Celebrations","A1"
"God rejse","Have a good journey","Courtesy Phrases","A1"
"God weekend","Have a good weekend","Greetings","A1"
"Godaften","Good evening","Greetings","A1"
"Goddag","Good day","Greetings","A1"
"Goddag, mit navn er Peter","Hello, my name is Peter","Introductions","A1"
"Godmorgen, har du sovet godt?","Good morning, did you sleep well?","Greetings","A1"
"Godmorgen, sov du godt?","Good morning, did you sleep well?","Greetings","A1"
"Godt nytår","Happy New Year","Celebrations","A1"
"Grundtvig har haft enorm indflydelse på dansk uddannelsestradition og folkeoplysning","Grundtvig has had an enormous influence on Danish educational tradition and public enlightenment","Danish Cultural References","B2"
"Gruppearbejde er en vigtig del af undervisningen på danske skoler","Group work is an important part of teaching in Danish schools","Educational Topics","B1"
"Gå derhen","Go there","Basic Communication","A1"
"Gå lige ud","Go straight ahead","Simple Directions","A1"
"Gå til højre","Go to the right","Simple Directions","A1"
"Gå til venstre","Go to the left","Simple Directions","A1"
"Gå ud","Go out","Basic Communication","A1"
"Går denne vej til stationen?","Does this way lead to the station?","Transportation","A1"
"Går der en direkte bus?","Is there a direct bus?","Transportation","A1"
"Går du ofte i biografen?","Do you often go to the cinema?","Hobbies & Interests","A2"
"Halv to","Half past one","Numbers/Time","A1"
"Halvfems, hundrede, tusind","Ninety, hundred, thousand","Numbers/Time","A1"
"Han er allergisk over for jordnødder","He is allergic to peanuts","Health & Wellness","A2"
"Han gik med hurtige skridt gennem den snedækkede park","He walked with quick steps through the snow-covered park","Detailed Descriptions","B1"
"Han har en kort lunte","He has a short fuse (idiom: gets angry easily)","Idiomatic Expressions","B2"
"Han samler på gamle frimærker","He collects old stamps","Hobbies & Interests","A2"
"Han var vred, fordi toget var forsinket","He was angry because the train was delayed","Emotions & Feelings","A2"
"Har I brød?","Do you have bread?","Basic Shopping","A1"
"Har I dagens ret?","Do you have the dish of the day?","Restaurant/Café","A1"
"Har I denne jakke i størrelse medium?","Do you have this jacket in size medium?","Shopping Specifics","A2"
"Har I det i en anden farve?","Do you have it in another color?","Basic Shopping","A1"
"Har I dette i blå?","Do you have this in blue?","Basic Shopping","A1"
"Har I dette i størrelse medium?","Do you have this in size medium?","Basic Shopping","A1"
"Har I dette på lager?","Do you have this in stock?","Basic Shopping","A1"
"Har I en hjemmeside?","Do you have a website?","Technology Basics","A1"
"Har I en pose?","Do you have a bag?","Basic Shopping","A1"
"Har I et bord ved vinduet?","Do you have a table by the window?","Restaurant/Café","A1"
"Har I et ledigt værelse?","Do you have a vacant room?","Accommodation","A1"
"Har I frisk frugt?","Do you have fresh fruit?","Basic Shopping","A1"
"Har I rabarber på tilbud denne uge?","Do you have rhubarb on offer this week?","Shopping Specifics","A2"
"Har I økologiske grøntsager?","Do you have organic vegetables?","Shopping Specifics","A2"
"Har I øl fra Danmark?","Do you have beer from Denmark?","Restaurant/Café","A1"
"Har du Facebook?","Do you have Facebook?","Basic Communication","A1"
"Har du afleveret din opgave?","Have you submitted your assignment?","Education","A2"
"Har du børn?","Do you have children?","Family","A1"
"Har du checket ind med dit rejsekort?","Have you checked in with your travel card?","Transportation","A2"
"Har du en kam?","Do you have a comb?","Basic Needs","A1"
"Har du en lighter?","Do you have a lighter?","Basic Needs","A1"
"Har du et dansk mobilnummer?","Do you have a Danish mobile number?","Technology Basics","A2"
"Har du et kort over byen?","Do you have a map of the city?","Basic Needs","A1"
"Har du haft en god dag?","Have you had a good day?","Small Talk","A1"
"Har du hørt det nye album fra bandet?","Have you heard the new album from the band?","Cultural Activities","A2"
"Har du hørt om den nye lov, regeringen har foreslået?","Have you heard about the new law the government has proposed?","Current Events & News","B1"
"Har du hørt om den nye musikfestival?","Have you heard about the new music festival?","Current Events & News","B1"
"Har du kæledyr?","Do you have pets?","Family","A1"
"Har du lyst til at se en film i aften?","Would you like to watch a movie tonight?","Making Plans","A2"
"Har du læst den nye bog af den danske forfatter?","Have you read the new book by the Danish author?","Cultural Activities","A2"
"Har du nogle anbefalinger til hoteller?","Do you have any recommendations for hotels?","Travel Planning","A2"
"Har du pakket din kuffert endnu?","Have you packed your suitcase yet?","Travel Planning","A2"
"Har du set den nye film?","Have you seen the new movie?","Small Talk","A1"
"Har du søskende?","Do you have siblings?","Family","A1"
"Har du udfyldt alle felterne i formularen?","Have you filled in all the fields in the form?","Bureaucracy & Administration","A2"
"Hav en god aften","Have a good evening","Courtesy Phrases","A1"
"Hav en god dag","Have a good day","Courtesy Phrases","A1"
"Hav en god dag på arbejde","Have a good day at work","Greetings","A1"
"Hej, hvordan går det?","Hello, how are you?","Greetings","A1"
"Hej, hvordan har du det i dag?","Hi, how are you today?","Greetings","A1"
"Held og lykke","Good luck","Courtesy Phrases","A1"
"Hjælp!","Help!","Emergency","A1"
"Hold dig varm","Keep yourself warm","Courtesy Phrases","A1"
"Hun blev meget overrasket over nyheden","She was very surprised by the news","Emotions & Feelings","A2"
"Hun elsker at vandre i bjergene","She loves hiking in the mountains","Hobbies & Interests","A2"
"Hun har arbejdet for dette firma i over fem år","She has worked for this company for over five years","Past Experiences","A2"
"Hun har arbejdet som lærer i over tyve år","She has worked as a teacher for over twenty years","Past Experiences","A2"
"Hun har spillet fodbold, siden hun var lille","She has played football since she was little","Hobbies & Interests","A2"
"Hvad anbefaler du?","What do you recommend?","Restaurant/Café","A1"
"Hvad arbejder du med?","What do you work with?","Introductions","A1"
"Hvad betyder det?","What does that mean?","Basic Communication","A1"
"Hvad betyder succes for dig?","What does success mean to you?","Abstract Discussions","B1"
"Hvad bringer dig til Danmark?","What brings you to Denmark?","Introductions","A1"
"Hvad er Wi-Fi koden?","What is the Wi-Fi password?","Technology Basics","A1"
"Hvad er Wi-Fi-koden?","What is the Wi-Fi code?","Basic Communication","A1"
"Hvad er adressen?","What is the address?","Basic Communication","A1"
"Hvad er datoen i dag?","What is the date today?","Numbers/Time","A1"
"Hvad er den bedste måde at komme til lufthavnen?","What is the best way to get to the airport?","Travel Planning","A2"
"Hvad er der af seværdigheder i nærheden?","What attractions are there nearby?","Travel Planning","A2"
"Hvad er der i maden?","What's in the food?","Restaurant/Café","A1"
"Hvad er det?","What is that?","Basic Communication","A1"
"Hvad er din adresse?","What is your address?","Basic Communication","A1"
"Hvad er din holdning til det nye byggeprojekt?","What is your opinion on the new construction project?","Personal Opinions","A2"
"Hvad er din yndlingsfarve?","What is your favorite color?","Small Talk","A1"
"Hvad er dit navn?","What is your name?","Introductions","A1"
"Hvad er dit telefonnummer?","What is your phone number?","Phone Communication","A1"
"Hvad er dit yndlingsfag?","What is your favorite subject?","Education","A2"
"Hvad er klokken?","What time is it?","Numbers/Time","A1"
"Hvad er specialiteten her?","What's the specialty here?","Restaurant/Café","A1"
"Hvad er symptomerne?","What are the symptoms?","Basic Health","A1"
"Hvad er værd at se i denne by?","What is worth seeing in this city?","Travel Planning","A2"
"Hvad hedder denne på dansk?","What is this called in Danish?","Basic Shopping","A1"
"Hvad hedder det på dansk?","What is it called in Danish?","Basic Communication","A1"
"Hvad hedder du?","What is your name?","Introductions","A1"
"Hvad interesserer du dig for?","What are you interested in?","Hobbies & Interests","A2"
"Hvad koster denne kjole?","How much is this dress?","Basic Shopping","A1"
"Hvad koster det?","How much does it cost?","Basic Shopping","A1"
"Hvad koster en billet til museet?","How much is a ticket to the museum?","Cultural Activities","A1"
"Hvad koster en kaffe?","How much is a coffee?","Restaurant/Café","A1"
"Hvad laver du her?","What are you doing here?","Introductions","A1"
"Hvad laver du i din fritid?","What do you do in your free time?","Small Talk","A1"
"Hvad laver du?","What are you doing?","Small Talk","A1"
"Hvad med at mødes til frokost på onsdag?","What about meeting for lunch on Wednesday?","Making Plans","A2"
"Hvad med at tage i parken i morgen?","What about going to the park tomorrow?","Making Plans","A2"
"Hvad mener du om den nye cykelsti i byen?","What do you think about the new bike path in town?","Current Events & News","B1"
"Hvad skal du lave i morgen?","What are you doing tomorrow?","Small Talk","A1"
"Hvad synes du om Danmark?","What do you think about Denmark?","Small Talk","A1"
"Hvad synes du om at lave mad?","What do you think about cooking?","Hobbies & Interests","A2"
"Hvad synes du om den nye film?","What do you think about the new movie?","Personal Opinions","A2"
"Hvad synes du om filmen?","What did you think of the film?","Cultural Activities","A2"
"Hvad ønsker du dig i gave?","What do you wish for as a gift?","Celebrations","A1"
"Hvem er ansvarlig for dette projekt?","Who is responsible for this project?","Work Environment","A2"
"Hvem er det?","Who is that?","Basic Communication","A1"
"Hvem er din lærer?","Who is your teacher?","Education","A2"
"Hvem er din yndlingskunstner?","Who is your favorite artist?","Cultural Activities","A2"
"Hvem skal du fejre nytår med?","Who will you celebrate New Year's with?","Social Life","A2"
"Hvem skal jeg kontakte angående min løn?","Who should I contact regarding my salary?","Work Environment","A2"
"Hvem skal jeg kontakte angående min vandregning?","Who should I contact regarding my water bill?","Services","A2"
"Hvem spiller hovedrollen?","Who plays the main role?","Cultural Activities","A1"
"Hvilken dag er det i dag?","What day is it today?","Numbers/Time","A1"
"Hvilken seværdighed anbefaler du i København?","Which attraction do you recommend in Copenhagen?","Travel Planning","A2"
"Hvilken?","Which one?","Basic Communication","A1"
"Hvilket spor går toget fra?","Which platform does the train leave from?","Transportation","A1"
"Hvilket sprog taler du?","Which language do you speak?","Basic Communication","A1"
"Hvis jeg var i din situation, ville jeg nok have handlet anderledes","If I were in your situation, I would probably have acted differently","Hypothetical Situations","B2"
"Hvis jeg vinder i lotteriet, vil jeg rejse jorden rundt","If I win the lottery, I will travel around the world","Future Plans & Aspirations","B1"
"Hvis klimaforandringerne fortsætter i samme tempo, vil konsekvenserne være alvorlige","If climate change continues at the same pace, the consequences will be serious","Hypothetical Situations","B2"
"Hvor bor du?","Where do you live?","Introductions","A1"
"Hvor er apoteket?","Where is the pharmacy?","Basic Health","A1"
"Hvor er busstoppestedet?","Where is the bus stop?","Transportation","A1"
"Hvor er den nærmeste bank?","Where is the nearest bank?","Simple Directions","A1"
"Hvor er den nærmeste bus?","Where is the nearest bus?","Transportation","A1"
"Hvor er den nærmeste hæveautomat?","Where is the nearest ATM?","Basic Shopping","A1"
"Hvor er den nærmeste politistation?","Where is the nearest police station?","Emergency","A1"
"Hvor er det?","Where is it?","Basic Communication","A1"
"Hvor er elevatoren?","Where is the elevator?","Accommodation","A1"
"Hvor er grøntsagsafdelingen?","Where is the vegetable department?","Basic Shopping","A1"
"Hvor er kassen?","Where is the cash register?","Basic Shopping","A1"
"Hvor er mejeriafdeling?","Where is the dairy section?","Basic Shopping","A1"
"Hvor er nærmeste supermarked?","Where is the nearest supermarket?","Basic Needs","A1"
"Hvor er nærmeste toilet?","Where is the nearest toilet?","Basic Needs","A1"
"Hvor er prøverummet?","Where is the fitting room?","Basic Shopping","A1"
"Hvor finder jeg det nærmeste posthus?","Where do I find the nearest post office?","Services","A2"
"Hvor gammel er din datter?","How old is your daughter?","Family","A1"
"Hvor gammel er dit barn?","How old is your child?","Family","A1"
"Hvor gammel er du?","How old are you?","Small Talk","A1"
"Hvor kan jeg betale min elregning?","Where can I pay my electricity bill?","Services","A2"
"Hvor kan jeg finde et apotek?","Where can I find a pharmacy?","Basic Needs","A1"
"Hvor kan jeg finde grøntsagerne?","Where can I find the vegetables?","Basic Shopping","A1"
"Hvor kan jeg finde information om offentlig transport?","Where can I find information about public transportation?","Services","A2"
"Hvor kan jeg hæve penge?","Where can I withdraw money?","Services","A2"
"Hvor kan jeg købe en billet?","Where can I buy a ticket?","Transportation","A1"
"Hvor kan jeg købe en paraply?","Where can I buy an umbrella?","Basic Needs","A1"
"Hvor kan jeg købe en togbillet?","Where can I buy a train ticket?","Transportation","A1"
"Hvor kan jeg købe frimærker?","Where can I buy stamps?","Basic Needs","A1"
"Hvor kan jeg leje en cykel?","Where can I rent a bicycle?","Transportation","A1"
"Hvor kan jeg printe?","Where can I print?","Technology Basics","A1"
"Hvor kan jeg vaske tøj?","Where can I wash clothes?","Basic Needs","A1"
"Hvor lang tid tager turen?","How long does the journey take?","Transportation","A1"
"Hvor langt er der til lufthavnen?","How far is it to the airport?","Transportation","A1"
"Hvor ligger posthuset?","Where is the post office?","Simple Directions","A1"
"Hvor ligger toilettet?","Where is the toilet located?","Restaurant/Café","A1"
"Hvor længe har du boet her?","How long have you lived here?","Introductions","A1"
"Hvor længe har du boet i Danmark?","How long have you lived in Denmark?","Introductions","A1"
"Hvor længe har du boet i din nuværende lejlighed?","How long have you lived in your current apartment?","Home & Housing","A2"
"Hvor længe skal du være her?","How long will you be here?","Small Talk","A1"
"Hvor længe varer filmen?","How long is the movie?","Cultural Activities","A1"
"Hvor mange stop er der til centret?","How many stops to the center?","Transportation","A1"
"Hvor mange?","How many?","Basic Communication","A1"
"Hvor meget koster brødet?","How much does the bread cost?","Basic Shopping","A1"
"Hvor meget?","How much?","Basic Communication","A1"
"Hvor ofte besøger du din familie?","How often do you visit your family?","Family","A2"
"Hvor ofte går bussen?","How often does the bus run?","Transportation","A1"
"Hvor ofte går du i fitness?","How often do you go to the gym?","Hobbies & Interests","A2"
"Hvor ofte mødes du med dine venner?","How often do you meet with your friends?","Social Life","A2"
"Hvor ofte skal jeg tage denne medicin?","How often should I take this medication?","Health & Wellness","A2"
"Hvor skal jeg aflevere min ansøgning?","Where should I submit my application?","Bureaucracy & Administration","A2"
"Hvor skal jeg stå af?","Where should I get off?","Transportation","A1"
"Hvor skal vi mødes?","Where shall we meet?","Basic Communication","A1"
"Hvordan bestiller jeg tid hos lægen online?","How do I book an appointment with the doctor online?","Services","A2"
"Hvordan downloader jeg denne app?","How do I download this app?","Technology Basics","A2"
"Hvordan downloader jeg musik til min telefon?","How do I download music to my phone?","Technology Basics","A2"
"Hvordan er vejret i morgen?","How's the weather tomorrow?","Weather","A1"
"Hvordan er vejrudsigten?","What's the weather forecast?","Weather","A1"
"Hvordan får jeg en henvisning til en specialist?","How do I get a referral to a specialist?","Health & Wellness","A2"
"Hvordan går det med arbejdet?","How is work going?","Small Talk","A1"
"Hvordan har du det?","How are you doing?","Small Talk","A1"
"Hvordan håndterer du stress?","How do you handle stress?","Health & Wellness","B1"
"Hvordan kan jeg løse dette problem?","How can I solve this problem?","Simple Problem-Solving","A2"
"Hvordan kommer jeg til banegården?","How do I get to the train station?","Transportation","A1"
"Hvordan kommer man til stranden?","How do you get to the beach?","Simple Directions","A1"
"Hvordan opdaterer jeg operativsystemet?","How do I update the operating system?","Technology Basics","A2"
"Hvordan siger man... på dansk?","How do you say... in Danish?","Basic Communication","A1"
"Hvordan staver man det?","How do you spell that?","Basic Communication","A1"
"Hvordan tilslutter jeg min printer til computeren?","How do I connect my printer to the computer?","Technology Basics","A2"
"Hvordan tilslutter jeg min telefon til Wi-Fi?","How do I connect my phone to Wi-Fi?","Technology Basics","A2"
"Hvordan tænder jeg for fjernsynet?","How do I turn on the TV?","Technology Basics","A1"
"Hvordan udfylder jeg denne selvangivelse?","How do I fill out this tax return?","Bureaucracy & Administration","A2"
"Hvordan udtaler man det?","How do you pronounce that?","Basic Communication","A1"
"Hvordan uploader jeg billeder til hjemmesiden?","How do I upload pictures to the website?","Technology Basics","A2"
"Hvordan var din ferie i Spanien?","How was your vacation in Spain?","Past Experiences","A2"
"Hvordan var din weekend?","How was your weekend?","Small Talk","A1"
"Hvordan vil du betale?","How would you like to pay?","Restaurant/Café","A1"
"Hvorfor?","Why?","Basic Communication","A1"
"Hvornår afgår toget?","When does the train depart?","Transportation","A1"
"Hvornår ankommer flyet fra London?","When does the flight from London arrive?","Travel Planning","A2"
"Hvornår begynder semesteret?","When does the semester begin?","Education","A2"
"Hvornår begyndte du at lære dansk?","When did you start learning Danish?","Past Experiences","A2"
"Hvornår er check-ud?","When is check-out?","Accommodation","A1"
"Hvornår er den næste afhentning af affald?","When is the next garbage collection?","Services","A2"
"Hvornår er den næste forældresamtale?","When is the next parent-teacher conference?","Education","A2"
"Hvornår er der morgenmad?","When is breakfast?","Accommodation","A1"
"Hvornår er din frokostpause?","When is your lunch break?","Work Environment","A2"
"Hvornår er din fødselsdag?","When is your birthday?","Small Talk","A1"
"Hvornår får I nye varer?","When do you get new goods?","Basic Shopping","A1"
"Hvornår går toget til København?","When does the train to Copenhagen leave?","Transportation","A1"
"Hvornår går toget?","When does the train leave?","Transportation","A1"
"Hvornår har du fødselsdag?","When is your birthday?","Introductions","A1"
"Hvornår kommer bussen?","When does the bus arrive?","Transportation","A1"
"Hvornår lukker butikken?","When does the store close?","Basic Shopping","A1"
"Hvornår passer det dig bedst at mødes?","When is it most convenient for you to meet?","Making Plans","A2"
"Hvornår starter festen?","When does the party start?","Celebrations","A1"
"Hvornår starter udsalget?","When does the sale start?","Shopping Specifics","A2"
"Hvornår åbner banken om mandagen?","When does the bank open on Mondays?","Services","A2"
"Hvornår åbner borgerservice?","When does the citizen service center open?","Bureaucracy & Administration","A2"
"Hvornår åbner butikken?","When does the store open?","Basic Shopping","A1"
"Hvornår åbner museet?","When does the museum open?","Cultural Activities","A1"
"Hvornår åbner posthuset?","When does the post office open?","Services","A2"
"Hvornår?","When?","Basic Communication","A1"
"Hyggeligt at møde dig","Nice to meet you","Introductions","A1"
"I Danmark er 'hygge' mere end bare et ord – det er en grundlæggende del af kulturen","In Denmark, 'hygge' is more than just a word – it's a fundamental part of the culture","Cultural Insights & Customs","B2"
"I Danmark er det almindeligt at cykle til arbejde","In Denmark, it's common to bike to work","Cultural Nuances","B1"
"I Danmark er det almindeligt at tiltale alle, inklusive chefer og professorer, ved fornavn","In Denmark, it's common to address everyone, including bosses and professors, by their first name","Cultural Insights & Customs","B2"
"I Danmark er det normalt at tage skoene af, når man besøger nogen","In Denmark, it's normal to take off your shoes when visiting someone","Cultural Nuances","B1"
"I aften","This evening","Numbers/Time","A1"
"I eftermiddag","This afternoon","Numbers/Time","A1"
"I folkeskolen lærer eleverne ikke kun faglig viden, men også sociale kompetencer","In primary school, students learn not only academic knowledge but also social skills","Educational Topics","B1"
"I går","Yesterday","Numbers/Time","A1"
"I går tog jeg til stranden med mine venner","Yesterday I went to the beach with my friends","Past Experiences","A2"
"I min fritid spiller jeg tennis","In my free time I play tennis","Hobbies & Interests","A2"
"I morgen","Tomorrow","Numbers/Time","A1"
"I morgen aften","Tomorrow evening","Numbers/Time","A1"
"I morgen tidlig","Tomorrow morning","Numbers/Time","A1"
"I nat","Tonight","Numbers/Time","A1"
"I næste måned","Next month","Numbers/Time","A1"
"I næste uge","Next week","Numbers/Time","A1"
"I sidste uge","Last week","Numbers/Time","A1"
"I sidste weekend besøgte jeg mine bedsteforældre","Last weekend I visited my grandparents","Past Experiences","A2"
"I weekenden","On the weekend","Numbers/Time","A1"
"Ingen problem","No problem","Courtesy Phrases","A1"
"Ingen årsag","You're welcome (no reason)","Courtesy Phrases","A1"
"Integrationspolitikken har været et omdiskuteret emne i valgkampen","Integration policy has been a controversial topic in the election campaign","Social Issues & Politics","B2"
"Ja tak","Yes please","Basic Communication","A1"
"Janteloven har historisk haft stor indflydelse på den danske mentalitet","The Law of Jante has historically had a great influence on the Danish mentality","Danish Cultural References","B2"
"Januar, februar, marts","January, February, March","Numbers/Time","A1"
"Januar, februar, marts, april","January, February, March, April","Numbers/Time","A1"
"Jeg arbejder i en butik","I work in a store","Work Environment","A2"
"Jeg arbejder ofte hjemmefra om fredagen","I often work from home on Fridays","Work Environment","A2"
"Jeg arbejder på at forbedre min udtale, så danskerne bedre kan forstå mig","I'm working on improving my pronunciation so Danes can understand me better","Personal Development","B1"
"Jeg arbejder på et vigtigt projekt i øjeblikket","I am working on an important project at the moment","Work Environment","A2"
"Jeg arbejder som kok","I work as a cook","Small Talk","A1"
"Jeg begyndte at strikke for et år siden","I started knitting a year ago","Hobbies & Interests","A2"
"Jeg besøgte mine bedsteforældre hver sommer","I visited my grandparents every summer","Past Experiences","A2"
"Jeg betaler kontant","I'll pay in cash","Basic Shopping","A1"
"Jeg betaler med kort","I'll pay with card","Basic Shopping","A1"
"Jeg boede i Sverige i tre år","I lived in Sweden for three years","Past Experiences","A2"
"Jeg bor alene","I live alone","Small Talk","A1"
"Jeg bor i Aarhus","I live in Aarhus","Basic Information","A1"
"Jeg bor i Danmark","I live in Denmark","Basic Communication","A1"
"Jeg bor i et hus med en lille have","I live in a house with a small garden","Home & Housing","A2"
"Jeg bor sammen med to venner","I live with two friends","Small Talk","A1"
"Jeg elsker at lave mad i weekenden","I love cooking on the weekend","Hobbies & Interests","A2"
"Jeg er 30 år gammel","I am 30 years old","Small Talk","A1"
"Jeg er allergisk over for nødder","I am allergic to nuts","Restaurant/Café","A1"
"Jeg er allergisk over for penicillin","I am allergic to penicillin","Basic Health","A1"
"Jeg er allergisk over for pollen","I am allergic to pollen","Basic Health","A1"
"Jeg er begynder","I am a beginner","Basic Communication","A1"
"Jeg er begyndt at interessere mig for fotografering","I have started to become interested in photography","Hobbies & Interests","A2"
"Jeg er enig","I agree","Basic Communication","A1"
"Jeg er enig i, at vi skal beskytte miljøet","I agree that we should protect the environment","Personal Opinions","A2"
"Jeg er faret vild","I am lost","Simple Directions","A1"
"Jeg er femogtyve år gammel","I am twenty-five years old","Introductions","A1"
"Jeg er færdig","I am finished","Basic Communication","A1"
"Jeg er gift","I am married","Family","A1"
"Jeg er glad for at møde dig","I am happy to meet you","Introductions","A1"
"Jeg er glad i dag","I am happy today","Small Talk","A1"
"Jeg er gravid","I am pregnant","Basic Health","A1"
"Jeg er her","I am here","Basic Communication","A1"
"Jeg er her for at besøge familie","I am here to visit family","Introductions","A1"
"Jeg er her for at lære dansk","I am here to learn Danish","Introductions","A1"
"Jeg er her i to uger","I am here for two weeks","Basic Communication","A1"
"Jeg er her på arbejde","I am here for work","Basic Communication","A1"
"Jeg er her på forretningsrejse","I am here on a business trip","Introductions","A1"
"Jeg er ikke enig","I disagree","Basic Communication","A1"
"Jeg er ikke enig i din pointe om klimaforandringer","I don't agree with your point about climate change","Debates & Opinions","B1"
"Jeg er ikke glad for koldt vejr","I'm not fond of cold weather","Personal Opinions","A2"
"Jeg er ikke sikker","I am not sure","Basic Communication","A1"
"Jeg er ikke sikker på, at det er en god idé","I'm not sure that it's a good idea","Personal Opinions","A2"
"Jeg er ked af det","I am sorry","Courtesy Phrases","A1"
"Jeg er klar","I am ready","Basic Communication","A1"
"Jeg er kold","I am cold","Basic Needs","A1"
"Jeg er lidt ked af det","I am a bit sad","Small Talk","A1"
"Jeg er lærer","I am a teacher","Basic Information","A1"
"Jeg er medlem af den lokale sportsklub","I am a member of the local sports club","Local Community","A2"
"Jeg er meget begejstret for din idé","I am very excited about your idea","Emotions & Feelings","A2"
"Jeg er nervøs for min eksamen i morgen","I am nervous about my exam tomorrow","Emotions & Feelings","A2"
"Jeg er ny i byen","I am new in town","Small Talk","A1"
"Jeg er optaget på fredag, men lørdag passer fint","I'm busy on Friday, but Saturday works well","Making Plans","A2"
"Jeg er på ferie","I am on vacation","Basic Communication","A1"
"Jeg er på vej","I'm on my way","Basic Communication","A1"
"Jeg er single","I am single","Small Talk","A1"
"Jeg er skuffet over resultatet","I am disappointed with the result","Emotions & Feelings","A2"
"Jeg er stolt af, hvad vi har opnået","I am proud of what we have achieved","Emotions & Feelings","A2"
"Jeg er sulten","I am hungry","Basic Needs","A1"
"Jeg er så glad for, at du kunne komme","I am so happy that you could come","Emotions & Feelings","A2"
"Jeg er så træt efter en lang arbejdsdag","I am so tired after a long workday","Emotions & Feelings","A2"
"Jeg er træt","I am tired","Basic Needs","A1"
"Jeg er turist","I am a tourist","Introductions","A1"
"Jeg er tørstig","I am thirsty","Basic Needs","A1"
"Jeg er udvekslingsstudent","I am an exchange student","Introductions","A1"
"Jeg er uenig i din konklusion af flere grunde","I disagree with your conclusion for several reasons","Debates & Opinions","B1"
"Jeg er varm","I am hot","Basic Needs","A1"
"Jeg er vegetar","I am a vegetarian","Restaurant/Café","A1"
"Jeg er virkelig skuffet over resultatet","I am really disappointed with the result","Emotions & Feelings","A2"
"Jeg foretrækker at cykle i stedet for at tage bussen","I prefer cycling instead of taking the bus","Personal Opinions","A2"
"Jeg foretrækker at cykle til arbejde, når vejret er godt","I prefer to cycle to work when the weather is good","Transportation","A2"
"Jeg foretrækker at læse bogen, før jeg ser filmen","I prefer to read the book before I watch the movie","Hobbies & Interests","A2"
"Jeg forstår det ikke","I don't understand it","Basic Communication","A1"
"Jeg forstår ikke","I don't understand","Basic Communication","A1"
"Jeg forstår lidt dansk","I understand a little Danish","Basic Communication","A1"
"Jeg forsøger at spise sundere og dyrke mere motion","I'm trying to eat healthier and exercise more","Health & Wellness","B1"
"Jeg føler mig lidt stresset i øjeblikket","I feel a bit stressed at the moment","Emotions & Feelings","A2"
"Jeg føler mig overvældet af alle de opgaver, jeg skal nå inden fredag","I feel overwhelmed by all the tasks I need to complete by Friday","Emotions & Relationships","B1"
"Jeg føler mig splittet mellem karriereambitioner og ønsket om mere tid med familien","I feel torn between career ambitions and the desire for more time with family","Complex Emotional Expression","B2"
"Jeg føler mig stresset over deadlinen i morgen","I feel stressed about tomorrow's deadline","Emotions & Relationships","B1"
"Jeg føler mig svimmel","I feel dizzy","Basic Health","A1"
"Jeg føler mig utilpas","I feel unwell","Basic Health","A1"
"Jeg gik i skole med ham for mange år siden","I went to school with him many years ago","Past Experiences","A2"
"Jeg glæder mig til weekenden","I'm looking forward to the weekend","Emotions & Feelings","A2"
"Jeg går på sprogskole","I go to language school","Basic Communication","A1"
"Jeg går til danskundervisning to gange om ugen","I go to Danish lessons twice a week","Education","A2"
"Jeg går til svømning to gange om ugen","I go swimming twice a week","Hobbies & Interests","A2"
"Jeg går til yoga hver tirsdag","I go to yoga every Tuesday","Health & Wellness","A2"
"Jeg har aftalt tid hos lægen, fordi jeg har haft migræne i flere uger","I've made an appointment with the doctor because I've had migraines for several weeks","Health & Wellness","B1"
"Jeg har aldrig prøvet at stå på ski før","I have never tried skiing before","Past Experiences","A2"
"Jeg har aldrig været i Sverige før","I have never been to Sweden before","Past Experiences","A2"
"Jeg har allerede planer for næste weekend","I already have plans for next weekend","Making Plans","A2"
"Jeg har arbejdet her i to år nu","I have worked here for two years now","Work Environment","A2"
"Jeg har begyndt at løbe hver morgen","I have started running every morning","Hobbies & Interests","A2"
"Jeg har bestilt tid hos tandlægen i næste uge","I have booked an appointment with the dentist next week","Health & Wellness","A2"
"Jeg har boet her i to år","I have lived here for two years","Introductions","A1"
"Jeg har boet her i tre måneder","I have lived here for three months","Introductions","A1"
"Jeg har boet i Danmark i næsten to år nu","I have lived in Denmark for almost two years now","Past Experiences","A2"
"Jeg har booket flybilletter til næste måned","I have booked flight tickets for next month","Travel Planning","A2"
"Jeg har brug for at forny mit pas","I need to renew my passport","Services","A2"
"Jeg har brug for at hvile mig","I need to rest","Basic Health","A1"
"Jeg har brug for at sikkerhedskopiere mine filer","I need to back up my files","Technology Basics","A2"
"Jeg har brug for at tage en fridag i næste uge","I need to take a day off next week","Work Environment","A2"
"Jeg har brug for at ændre min adresse hos banken","I need to change my address with the bank","Services","A2"
"Jeg har brug for en læge","I need a doctor","Emergency","A1"
"Jeg har brug for en recept","I need a prescription","Basic Health","A1"
"Jeg har brug for en tolk","I need an interpreter","Emergency","A1"
"Jeg har brug for et plaster","I need a bandage","Basic Health","A1"
"Jeg har brug for hjælp","I need help","Emergency","A1"
"Jeg har brug for hjælp med min bagage","I need help with my luggage","Simple Problem-Solving","A2"
"Jeg har brug for medicin","I need medicine","Basic Health","A1"
"Jeg har brug for nye batterier","I need new batteries","Basic Needs","A1"
"Jeg har brug for politiet","I need the police","Emergency","A1"
"Jeg har brug for smertestillende medicin","I need pain medication","Basic Health","A1"
"Jeg har brug for solcreme","I need sunscreen","Basic Needs","A1"
"Jeg har brug for vand","I need water","Basic Needs","A1"
"Jeg har desværre misforstået instruktionerne","Unfortunately, I misunderstood the instructions","Work Environment","A2"
"Jeg har det dårligt","I feel bad","Basic Needs","A1"
"Jeg har det fint, tak","I'm fine, thank you","Small Talk","A1"
"Jeg har det godt","I feel good","Basic Needs","A1"
"Jeg har det ikke så godt","I'm not feeling well","Basic Health","A1"
"Jeg har eksamen næste uge","I have an exam next week","Education","A2"
"Jeg har en datter","I have a daughter","Family","A1"
"Jeg har en deadline på fredag","I have a deadline on Friday","Work Environment","A2"
"Jeg har en hund og en kat","I have a dog and a cat","Family","A1"
"Jeg har en hund, der hedder Fido","I have a dog named Fido","Home & Housing","A2"
"Jeg har en kæreste","I have a boyfriend/girlfriend","Small Talk","A1"
"Jeg har en reservation","I have a reservation","Accommodation","A1"
"Jeg har en søster og en bror","I have a sister and a brother","Family","A1"
"Jeg har et møde med min chef om min præstation","I have a meeting with my boss about my performance","Work Environment","A2"
"Jeg har et sår","I have a wound","Basic Health","A1"
"Jeg har feber","I have a fever","Basic Health","A1"
"Jeg har fået en parkeringsbøde","I have received a parking ticket","Bureaucracy & Administration","A2"
"Jeg har glemt at bestille en forsikring til rejsen","I have forgotten to book insurance for the trip","Travel Planning","A2"
"Jeg har glemt min paraply","I have forgotten my umbrella","Basic Needs","A1"
"Jeg har glemt min pung derhjemme","I've forgotten my wallet at home","Basic Needs","A1"
"Jeg har glemt mit password","I have forgotten my password","Technology Basics","A1"
"Jeg har glemt ordet","I have forgotten the word","Basic Communication","A1"
"Jeg har hoste","I have a cough","Basic Health","A1"
"Jeg har hovedpine","I have a headache","Basic Health","A1"
"Jeg har ikke internetforbindelse","I don't have internet connection","Basic Communication","A1"
"Jeg har inviteret nogle venner til middag på fredag","I have invited some friends for dinner on Friday","Making Plans","A2"
"Jeg har købt billetter til teatret","I have bought tickets for the theater","Cultural Activities","A2"
"Jeg har købt en månedsbillet til toget","I have bought a monthly ticket for the train","Transportation","A2"
"Jeg har lige købt nye møbler til stuen","I have just bought new furniture for the living room","Home & Housing","A2"
"Jeg har lært meget dansk i det sidste år","I have learned a lot of Danish in the last year","Past Experiences","A2"
"Jeg har meldt mig til et dansekursus","I have signed up for a dance course","Hobbies & Interests","A2"
"Jeg har meldt mig til et madlavningskursus","I have signed up for a cooking course","Hobbies & Interests","A2"
"Jeg har mistet min nøgle. Hvad skal jeg gøre?","I've lost my key. What should I do?","Simple Problem-Solving","A2"
"Jeg har mistet min pung","I have lost my wallet","Emergency","A1"
"Jeg har mistet mit pas","I have lost my passport","Emergency","A1"
"Jeg har modtaget en regning fra kommunen","I have received a bill from the municipality","Bureaucracy & Administration","A2"
"Jeg har ondt i halsen","I have a sore throat","Basic Health","A1"
"Jeg har ondt i hovedet","I have a headache","Basic Health","A1"
"Jeg har ondt i maven","I have a stomachache","Basic Health","A1"
"Jeg har ondt i ryggen","I have a backache","Basic Health","A1"
"Jeg har ondt i ryggen efter at have løftet tunge kasser","I have a backache after lifting heavy boxes","Health & Wellness","A2"
"Jeg har problemer med at logge ind på min e-mail","I'm having problems logging into my email","Technology Basics","A2"
"Jeg har problemer med at sove","I have problems sleeping","Basic Health","A1"
"Jeg har problemer med at sove om natten","I have problems sleeping at night","Health & Wellness","A2"
"Jeg har problemer med mit rejsekort","I have problems with my travel card","Travel Planning","A2"
"Jeg har reserveret et værelse","I have reserved a room","Accommodation","A1"
"Jeg har spillet guitar i fem år","I have played guitar for five years","Hobbies & Interests","A2"
"Jeg har spillet klaver, siden jeg var barn","I've been playing piano since I was a child","Hobbies & Interests","A2"
"Jeg har tandpine","I have a toothache","Basic Health","A1"
"Jeg har tilmeldt mig et kursus i markedsføring","I have enrolled in a marketing course","Education","A2"
"Jeg har to børn","I have two children","Family","A1"
"Jeg har været i København to gange","I have been to Copenhagen twice","Past Experiences","A2"
"Jeg har været i gang med dette projekt i to uger","I have been working on this project for two weeks","Work Environment","A2"
"Jeg havde en dejlig weekend med familien","I had a lovely weekend with the family","Past Experiences","A2"
"Jeg hedder Anders","My name is Anders","Introductions","A1"
"Jeg hedder Lars","My name is Lars","Introductions","A1"
"Jeg hedder Maria. Hvad hedder du?","My name is Maria. What's your name?","Introductions","A1"
"Jeg håber, at sommeren bliver varmere end sidste år","I hope summer will be warmer than last year","Weather","A2"
"Jeg håber, vi ses igen","I hope we see each other again","Introductions","A1"
"Jeg kan desværre ikke komme til festen","Unfortunately, I cannot come to the party","Making Plans","A2"
"Jeg kan godt lide at gå lange ture i skoven","I like taking long walks in the forest","Hobbies & Interests","A2"
"Jeg kan godt lide at læse bøger om historie","I like reading books about history","Hobbies & Interests","A2"
"Jeg kan godt lide det","I like it","Basic Communication","A1"
"Jeg kan godt lide moderne kunst","I like modern art","Personal Opinions","A2"
"Jeg kan godt lide musik","I like music","Small Talk","A1"
"Jeg kan ikke finde filen på computeren","I cannot find the file on the computer","Work Environment","A2"
"Jeg kan ikke finde vej tilbage til hotellet","I can't find my way back to the hotel","Simple Problem-Solving","A2"
"Jeg kan ikke høre dig","I can't hear you","Phone Communication","A1"
"Jeg kan ikke lide det","I don't like it","Basic Communication","A1"
"Jeg kan ikke lide kaffe","I don't like coffee","Small Talk","A1"
"Jeg kan ikke logge ind","I can't log in","Technology Basics","A1"
"Jeg kan ikke spise... (gluten/laktose)","I cannot eat... (gluten/lactose)","Restaurant/Café","A1"
"Jeg kan lide dansk mad","I like Danish food","Small Talk","A1"
"Jeg kan lide din trøje","I like your sweater","Small Talk","A1"
"Jeg kommer for første gang til Danmark","I am coming to Denmark for the first time","Small Talk","A1"
"Jeg kommer fra Canada. Hvor kommer du fra?","I'm from Canada. Where are you from?","Introductions","A1"
"Jeg kommer fra Danmark","I come from Denmark","Introductions","A1"
"Jeg kommer fra Tyskland","I come from Germany","Basic Communication","A1"
"Jeg kommer om fem minutter","I'll be there in five minutes","Basic Communication","A1"
"Jeg kommer snart","I'm coming soon","Basic Communication","A1"
"Jeg kæmper med at finde en balance mellem professionel distance og personligt engagement i mit arbejde","I struggle to find a balance between professional distance and personal engagement in my work","Complex Emotional Expression","B2"
"Jeg leder efter en gave til min far","I'm looking for a gift for my father","Shopping Specifics","A2"
"Jeg leder efter en gave til min mor","I'm looking for a gift for my mother","Shopping Specifics","A2"
"Jeg leder efter en ny lejlighed tættere på mit arbejde","I'm looking for a new apartment closer to my work","Home & Housing","A2"
"Jeg leder efter mælk","I'm looking for milk","Basic Shopping","A1"
"Jeg leder efter toiletpapir","I'm looking for toilet paper","Basic Shopping","A1"
"Jeg lærer dansk","I'm learning Danish","Basic Communication","A1"
"Jeg lærte at svømme, da jeg var seks år","I learned to swim when I was six years old","Past Experiences","A2"
"Jeg læser gerne krimier før jeg går i seng","I like to read crime novels before I go to bed","Hobbies & Interests","A2"
"Jeg læser til min eksamen i næste uge","I'm studying for my exam next week","Education","A2"
"Jeg mener, at uddannelse burde være tilgængelig for alle","I believe education should be accessible to everyone","Personal Opinions","A2"
"Jeg nyder at gå lange ture i skoven","I enjoy taking long walks in the forest","Hobbies & Interests","A2"
"Jeg planlægger en rejse til Norge","I'm planning a trip to Norway","Travel Planning","A2"
"Jeg prøver at forbedre min evne til at tale offentligt","I'm trying to improve my ability to speak in public","Personal Development","B1"
"Jeg rejser i morgen","I'm traveling tomorrow","Basic Communication","A1"
"Jeg rejste til Italien sidste sommer","I traveled to Italy last summer","Past Experiences","A2"
"Jeg ringer til dig for at bekræfte senere","I'll call you to confirm later","Making Plans","A2"
"Jeg ringer til dig senere","I'll call you later","Courtesy Phrases","A1"
"Jeg samler på frimærker","I collect stamps","Hobbies & Interests","A2"
"Jeg savner at bo tæt på havet","I miss living close to the sea","Emotions & Feelings","A2"
"Jeg savner dig","I miss you","Greetings","A1"
"Jeg savner min familie","I miss my family","Family","A1"
"Jeg ser en tv-serie for tiden","I'm watching a TV series at the moment","Hobbies & Interests","A2"
"Jeg skal af ved næste stop","I need to get off at the next stop","Transportation","A1"
"Jeg skal aflevere min opgave senest på fredag","I need to submit my assignment by Friday at the latest","Education","A2"
"Jeg skal bruge en adapter","I need an adapter","Basic Needs","A1"
"Jeg skal bruge en ny printer","I need a new printer","Technology Basics","A2"
"Jeg skal bruge en tandbørste","I need a toothbrush","Basic Needs","A1"
"Jeg skal flytte til en større lejlighed","I'm going to move to a bigger apartment","Home & Housing","A2"
"Jeg skal forberede en præsentation til næste uge","I need to prepare a presentation for next week","Work Environment","A2"
"Jeg skal forny mit kørekort","I need to renew my driver's license","Services","A2"
"Jeg skal have udskiftet mit pas inden rejsen","I need to get my passport replaced before the trip","Bureaucracy & Administration","A2"
"Jeg skal melde flytning til kommunen","I need to register my move with the municipality","Services","A2"
"Jeg skal møde klokken otte","I have to meet at eight o'clock","Numbers/Time","A1"
"Jeg skal nok være der til tiden","I will be there on time","Courtesy Phrases","A1"
"Jeg skal sende denne pakke til Sverige","I need to send this package to Sweden","Services","A2"
"Jeg skal sende denne pakke til udlandet","I need to send this package abroad","Services","A2"
"Jeg skal til bryllup i næste måned","I am going to a wedding next month","Social Life","A2"
"Jeg skal til centrum","I need to go to the center","Transportation","A1"
"Jeg skal til eksamen i næste uge","I have an exam next week","Education","A2"
"Jeg skal til jobsamtale på torsdag","I have a job interview on Thursday","Work Environment","A2"
"Jeg skal til lufthavnen","I need to go to the airport","Transportation","A1"
"Jeg skal til lægen i morgen","I'm going to the doctor tomorrow","Basic Health","A1"
"Jeg spiller fodbold","I play football","Small Talk","A1"
"Jeg studerer dansk","I study Danish","Introductions","A1"
"Jeg studerer dansk på sprogskolen","I study Danish at the language school","Education","A2"
"Jeg studerer økonomi på universitetet","I study economics at the university","Education","A2"
"Jeg synes, at danske film er rigtig gode","I think Danish films are really good","Personal Opinions","A2"
"Jeg synes, at denne forfatter skriver virkelig godt","I think this author writes really well","Cultural Activities","A2"
"Jeg synes, at denne restaurant er bedre","I think this restaurant is better","Personal Opinions","A2"
"Jeg synes, at offentlig transport burde være gratis","I think public transportation should be free","Personal Opinions","A2"
"Jeg synes, det er vigtigt at have en god balance mellem arbejde og fritid","I think it's important to have a good balance between work and leisure","Personal Development","B1"
"Jeg synes, filmen var bedre end bogen","I think the movie was better than the book","Cultural Activities","A2"
"Jeg så en rigtig god film i går aftes","I watched a really good movie last night","Past Experiences","A2"
"Jeg tager denne","I'll take this one","Basic Shopping","A1"
"Jeg tager kagen med til festen","I'll bring the cake to the party","Making Plans","A2"
"Jeg tager medicin hver morgen","I take medicine every morning","Basic Health","A1"
"Jeg taler engelsk","I speak English","Basic Communication","A1"
"Jeg taler engelsk og lidt dansk","I speak English and a little Danish","Introductions","A1"
"Jeg taler kun lidt dansk","I only speak a little Danish","Basic Communication","A1"
"Jeg taler lidt dansk","I speak a little Danish","Basic Communication","A1"
"Jeg tror, at jeg har fået en parkeringsbøde","I think I got a parking ticket","Simple Problem-Solving","A2"
"Jeg tror, at klimaforandringer er et alvorligt problem","I think climate change is a serious problem","Personal Opinions","A2"
"Jeg tror, at kunstig intelligens vil ændre måden, vi arbejder på","I believe artificial intelligence will change the way we work","Abstract Discussions","B1"
"Jeg tror, at vi bør tage højde for de langsigtede konsekvenser af beslutningen","I think we should take into account the long-term consequences of the decision","Complex Problem-Solving","B2"
"Jeg ved det ikke","I don't know","Basic Communication","A1"
"Jeg venter udenfor","I'm waiting outside","Basic Communication","A1"
"Jeg vil gerne bestille en dobbeltværelse","I would like to book a double room","Travel Planning","A2"
"Jeg vil gerne bestille en flybillet til Rom","I would like to book a flight ticket to Rome","Travel Planning","A2"
"Jeg vil gerne bestille en kaffe","I would like to order a coffee","Restaurant/Café","A1"
"Jeg vil gerne bestille en returbillet til Berlin","I would like to book a return ticket to Berlin","Travel Planning","A2"
"Jeg vil gerne betale","I would like to pay","Basic Shopping","A1"
"Jeg vil gerne bytte denne","I would like to exchange this","Basic Shopping","A1"
"Jeg vil gerne bytte denne trøje","I would like to exchange this sweater","Shopping Specifics","A2"
"Jeg vil gerne foreslå et kompromis, der tilgodeser begge parters interesser","I would like to suggest a compromise that accommodates both parties' interests","Negotiation & Persuasion","B2"
"Jeg vil gerne have 200 gram skinke","I would like 200 grams of ham","Basic Shopping","A1"
"Jeg vil gerne have 500 gram ost","I would like 500 grams of cheese","Basic Shopping","A1"
"Jeg vil gerne have en avis","I would like a newspaper","Basic Needs","A1"
"Jeg vil gerne have en dessert","I would like a dessert","Restaurant/Café","A1"
"Jeg vil gerne have en kop kaffe","I would like a cup of coffee","Restaurant/Café","A1"
"Jeg vil gerne have en kop te","I would like a cup of tea","Restaurant/Café","A1"
"Jeg vil gerne have en tid hos lægen","I would like an appointment with the doctor","Basic Health","A1"
"Jeg vil gerne have et glas vand","I would like a glass of water","Restaurant/Café","A1"
"Jeg vil gerne have kvitteringen","I would like the receipt","Basic Shopping","A1"
"Jeg vil gerne købe billetter til koncerten på lørdag","I would like to buy tickets for the concert on Saturday","Cultural Activities","A2"
"Jeg vil gerne købe denne","I would like to buy this","Basic Shopping","A1"
"Jeg vil gerne leje en bil til weekenden","I would like to rent a car for the weekend","Travel Planning","A2"
"Jeg vil gerne sende et postkort","I would like to send a postcard","Basic Needs","A1"
"Jeg vil gerne smage smørrebrød","I would like to taste smørrebrød","Restaurant/Café","A1"
"Jeg vil gerne åbne en bankkonto","I would like to open a bank account","Services","A2"
"Kan I lave kaffen stærkere?","Can you make the coffee stronger?","Restaurant/Café","A1"
"Kan du anbefale en god restaurant i nærheden?","Can you recommend a good restaurant nearby?","Local Community","A2"
"Kan du gentage det?","Can you repeat that?","Basic Communication","A1"
"Kan du hjælpe mig med at installere denne app?","Can you help me install this app?","Technology Basics","A2"
"Kan du hjælpe mig med at oversætte?","Can you help me translate?","Basic Communication","A1"
"Kan du hjælpe mig med at udfylde denne formular?","Can you help me fill out this form?","Services","A2"
"Kan du hjælpe mig med denne opgave?","Can you help me with this task?","Work Environment","A2"
"Kan du hjælpe mig?","Can you help me?","Basic Needs","A1"
"Kan du sende mig det?","Can you send it to me?","Basic Communication","A1"
"Kan du sende mig dokumenterne inden fredag?","Can you send me the documents before Friday?","Work Environment","A2"
"Kan du sende mig rapporten, når du er færdig?","Can you send me the report when you are finished?","Work Environment","A2"
"Kan du sende mig referatet fra mødet?","Can you send me the minutes from the meeting?","Professional Communication","B1"
"Kan du skrive det ned?","Can you write it down?","Basic Communication","A1"
"Kan du tage et billede af mig?","Can you take a picture of me?","Basic Communication","A1"
"Kan du tale engelsk?","Can you speak English?","Basic Communication","A1"
"Kan du tale langsommere?","Can you speak more slowly?","Basic Communication","A1"
"Kan du vente?","Can you wait?","Basic Communication","A1"
"Kan du vise mig på kortet?","Can you show me on the map?","Simple Directions","A1"
"Kan du vise mig vej til banegården?","Can you show me the way to the train station?","Simple Directions","A1"
"Kan du vise mig vejen?","Can you show me the way?","Simple Directions","A1"
"Kan du vise mig, hvordan jeg bruger denne app?","Can you show me how to use this app?","Technology Basics","A2"
"Kan jeg betale med MobilePay?","Can I pay with MobilePay?","Technology Basics","A1"
"Kan jeg bytte denne trøje?","Can I exchange this sweater?","Basic Shopping","A1"
"Kan jeg få en kande vand?","Can I get a pitcher of water?","Restaurant/Café","A1"
"Kan jeg få en kvittering?","Can I get a receipt?","Basic Shopping","A1"
"Kan jeg få en pose?","Can I have a bag?","Basic Shopping","A1"
"Kan jeg få en serviet?","Can I get a napkin?","Restaurant/Café","A1"
"Kan jeg få et glas rødvin?","Can I have a glass of red wine?","Restaurant/Café","A1"
"Kan jeg få et rejsekort?","Can I get a travel card?","Transportation","A1"
"Kan jeg få flere håndklæder?","Can I get more towels?","Accommodation","A1"
"Kan jeg få menuen?","Can I have the menu?","Restaurant/Café","A1"
"Kan jeg få noget at drikke?","Can I get something to drink?","Restaurant/Café","A1"
"Kan jeg få salt?","Can I have salt?","Restaurant/Café","A1"
"Kan jeg købe billetten i bussen?","Can I buy the ticket on the bus?","Transportation","A1"
"Kan jeg låne din telefon?","Can I borrow your phone?","Phone Communication","A1"
"Kan jeg oplade min telefon her?","Can I charge my phone here?","Technology Basics","A1"
"Kan jeg prøve den?","Can I try it on?","Basic Shopping","A1"
"Kan jeg prøve disse sko?","Can I try these shoes?","Shopping Specifics","A2"
"Kan jeg ringe til dig senere?","Can I call you later?","Phone Communication","A1"
"Kan vi flytte mødet til i morgen eftermiddag?","Can we move the meeting to tomorrow afternoon?","Work Environment","A2"
"Kan vi rykke mødet til i morgen?","Can we move the meeting to tomorrow?","Professional Communication","B1"
"Kan vi være venner på Instagram?","Can we be friends on Instagram?","Basic Communication","A1"
"Kender du den nye restaurant, der lige er åbnet?","Do you know the new restaurant that just opened?","Local Community","A2"
"Kender du nogle gode museer i København?","Do you know any good museums in Copenhagen?","Cultural Activities","A2"
"Klokken er halv otte","It's half past seven","Numbers/Time","A1"
"Klokken er ti","It's ten o'clock","Numbers/Time","A1"
"Kom her","Come here","Basic Communication","A1"
"Kom ind","Come in","Basic Communication","A1"
"Kom indenfor","Come inside","Courtesy Phrases","A1"
"Kongehuset spiller stadig en vigtig symbolsk rolle i det moderne danske samfund","The royal family still plays an important symbolic role in modern Danish society","Danish Cultural References","B2"
"Kontant eller med kort?","Cash or card?","Restaurant/Café","A1"
"Kvantemekanikken udfordrer vores intuitive forståelse af virkeligheden på fundamentalt niveau","Quantum mechanics challenges our intuitive understanding of reality at a fundamental level","Specialized Terminology","B2"
"Kvart over fire","Quarter past four","Numbers/Time","A1"
"Kører denne bus til centrum?","Does this bus go to the center?","Transportation","A1"
"Lad os mødes ved springvandet klokken to","Let's meet by the fountain at two o'clock","Making Plans","A2"
"Lad os planlægge en udflugt til stranden","Let's plan a trip to the beach","Making Plans","A2"
"Lejen er ret høj i dette område","The rent is quite high in this area","Home & Housing","A2"
"Lejligheden har en rummelig stue med udsigt over havnen","The apartment has a spacious living room with view over the harbor","Detailed Descriptions","B1"
"Lige frem og til højre","Straight ahead and to the right","Simple Directions","A1"
"Lykke er ikke at have alt, hvad man ønsker sig","Happiness is not having everything you want","Abstract Discussions","B1"
"Maden smager godt","The food tastes good","Restaurant/Café","A1"
"Maj, juni, juli, august","May, June, July, August","Numbers/Time","A1"
"Man kan ikke både blæse og have mel i munden","You can't both blow and have flour in your mouth (idiom: you can't have it both ways)","Idiomatic Expressions","B2"
"Mandag, tirsdag, onsdag","Monday, Tuesday, Wednesday","Numbers/Time","A1"
"Mange tak","Thank you very much","Courtesy Phrases","A1"
"Med glæde","With pleasure","Basic Communication","A1"
"Med sukker","With sugar","Restaurant/Café","A1"
"Menuen, tak","The menu, please","Restaurant/Café","A1"
"Mere brød, tak","More bread, please","Restaurant/Café","A1"
"Min adresse er...","My address is...","Basic Communication","A1"
"Min arm gør ondt","My arm hurts","Basic Health","A1"
"Min bedstemor bor i Aarhus","My grandmother lives in Aarhus","Family","A1"
"Min bror bor i USA","My brother lives in the USA","Family","A1"
"Min bror flytter til en ny lejlighed næste måned","My brother is moving to a new apartment next month","Family","A2"
"Min bror har fået en ny kæreste","My brother has a new girlfriend","Family","A2"
"Min chef er på ferie denne uge","My boss is on vacation this week","Work Environment","A2"
"Min chef er på ferie til på mandag","My boss is on vacation until Monday","Work Environment","A2"
"Min computer er gået i stykker","My computer is broken","Technology Basics","A2"
"Min computer virker ikke","My computer doesn't work","Technology Basics","A1"
"Min cykel er punkteret","My bicycle has a flat tire","Simple Problem-Solving","A2"
"Min datter går i børnehave","My daughter goes to kindergarten","Education","A2"
"Min datter går i skole","My daughter goes to school","Family","A1"
"Min datter har haft feber siden i går","My daughter has had a fever since yesterday","Health & Wellness","A2"
"Min email er...","My email is...","Basic Communication","A1"
"Min far er læge","My father is a doctor","Family","A1"
"Min far er pensionist","My father is retired","Family","A1"
"Min fætter bor i Odense","My cousin lives in Odense","Family","A1"
"Min fætter skal giftes til sommer","My cousin is getting married this summer","Family","A2"
"Min fødselsdag er den tiende juni","My birthday is the tenth of June","Small Talk","A1"
"Min fødselsdag er den tiende marts","My birthday is the tenth of March","Introductions","A1"
"Min hobby er at fotografere naturen","My hobby is photographing nature","Hobbies & Interests","A2"
"Min kollega har været syg i flere dage","My colleague has been sick for several days","Work Environment","A2"
"Min kontrakt udløber i slutningen af året","My contract expires at the end of the year","Work Environment","A2"
"Min kost indeholder meget frugt og grønt","My diet contains a lot of fruit and vegetables","Health & Wellness","A2"
"Min kæreste og jeg har været sammen i to år","My partner and I have been together for two years","Social Life","A2"
"Min lejlighed har to værelser og en lille altan","My apartment has two rooms and a small balcony","Home & Housing","A2"
"Min lejlighed ligger på anden sal","My apartment is on the second floor","Home & Housing","A2"
"Min læge har anbefalet, at jeg dyrker mere motion","My doctor has recommended that I exercise more","Health & Wellness","A2"
"Min mor bor i Odense","My mother lives in Odense","Family","A1"
"Min mor elsker at lave mad","My mother loves to cook","Family","A1"
"Min mor er lærer","My mother is a teacher","Family","A1"
"Min nabo inviterede os til grillfest","My neighbor invited us to a barbecue","Social Life","A2"
"Min nevø er fem år gammel","My nephew is five years old","Family","A1"
"Min niece er begyndt i skole","My niece has started school","Family","A2"
"Min niece hedder Sofia","My niece is named Sofia","Family","A1"
"Min nøgle virker ikke","My key doesn't work","Accommodation","A1"
"Min onkel besøger os i weekenden","My uncle is visiting us this weekend","Family","A1"
"Min onkel bor i Sverige med sin familie","My uncle lives in Sweden with his family","Family","A2"
"Min opholdstilladelse udløber næste måned","My residence permit expires next month","Bureaucracy & Administration","A2"
"Min skærm fryser hele tiden","My screen keeps freezing","Technology Basics","A2"
"Min svigermor kommer på besøg","My mother-in-law is coming to visit","Family","A1"
"Min søn er syg","My son is sick","Basic Health","A1"
"Min søn er ti år gammel","My son is ten years old","Family","A1"
"Min søn går i børnehave","My son goes to kindergarten","Family","A1"
"Min søn skal starte i skole næste år","My son will start school next year","Education","A2"
"Min søster er læge","My sister is a doctor","Family","A1"
"Min søster venter sit første barn","My sister is expecting her first child","Family","A2"
"Min telefon er løbet tør for strøm","My phone has run out of power","Basic Needs","A1"
"Min telefon er væk","My phone is gone","Emergency","A1"
"Min telefon forbinder ikke til Wi-Fi netværket","My phone is not connecting to the Wi-Fi network","Technology Basics","A2"
"Min telefon virker ikke","My phone isn't working","Technology Basics","A1"
"Min vaskemaskine er gået i stykker","My washing machine is broken","Home & Housing","A2"
"Min ven har inviteret mig til en koncert på lørdag","My friend has invited me to a concert on Saturday","Hobbies & Interests","A2"
"Min ven har lige fået et nyt job","My friend has just gotten a new job","Social Life","A2"
"Min yndlingsfarve er blå","My favorite color is blue","Small Talk","A1"
"Min yndlingssport er fodbold","My favorite sport is football","Hobbies & Interests","A2"
"Mine forældre kommer på besøg i weekenden","My parents are coming to visit this weekend","Family","A2"
"Mit batteri er dødt","My battery is dead","Technology Basics","A1"
"Mit internet er langsomt","My internet is slow","Technology Basics","A1"
"Mit internet virker ikke","My internet is not working","Technology Basics","A2"
"Mit kreditkort virker ikke","My credit card is not working","Simple Problem-Solving","A2"
"Mit nummer er...","My number is...","Phone Communication","A1"
"Mit password virker ikke på min email","My password doesn't work on my email","Technology Basics","A2"
"Må jeg bestille nu?","May I order now?","Restaurant/Café","A1"
"Må jeg få lov til at hjælpe?","May I be allowed to help?","Courtesy Phrases","A1"
"Må jeg få mere sauce?","May I have more sauce?","Restaurant/Café","A1"
"Må jeg få noget papir?","May I have some paper?","Basic Needs","A1"
"Må jeg invitere dig til middag?","May I invite you to dinner?","Celebrations","A1"
"Må jeg komme forbi?","May I come through?","Courtesy Phrases","A1"
"Må jeg låne din oplader?","May I borrow your charger?","Basic Needs","A1"
"Må jeg låne en kuglepen?","May I borrow a pen?","Basic Needs","A1"
"Må jeg låne en oplader?","May I borrow a charger?","Basic Needs","A1"
"Må jeg se dessertkortet?","May I see the dessert menu?","Restaurant/Café","A1"
"Må jeg se din billet?","May I see your ticket?","Transportation","A1"
"Må jeg se menukortet igen?","May I see the menu again?","Restaurant/Café","A1"
"Må jeg tage et billede?","May I take a picture?","Basic Communication","A1"
"Må jeg tilbyde dig noget at drikke?","May I offer you something to drink?","Courtesy Phrases","A1"
"Må man tage billeder?","Is it allowed to take pictures?","Cultural Activities","A1"
"Måske","Maybe","Basic Communication","A1"
"Mødet starter om en time","The meeting starts in one hour","Numbers/Time","A1"
"Nej tak","No thank you","Basic Communication","A1"
"Nyd din dag","Enjoy your day","Greetings","A1"
"Når jeg bliver færdig med mit studie, vil jeg arbejde i udlandet","When I finish my studies, I will work abroad","Future Plans & Aspirations","B1"
"Om aftenen","In the evening","Numbers/Time","A1"
"Om eftermiddagen","In the afternoon","Numbers/Time","A1"
"Om morgenen","In the morning","Numbers/Time","A1"
"Om tre uger","In three weeks","Numbers/Time","A1"
"Overfor supermarkedet","Across from the supermarket","Simple Directions","A1"
"Parkeringen koster 20 kroner i timen","Parking costs 20 kroner per hour","Transportation","A2"
"Pas på dig selv","Take care of yourself","Courtesy Phrases","A1"
"Pas på, det er glat","Be careful, it's slippery","Weather","A1"
"Personligt foretrækker jeg kaffe frem for te","Personally, I prefer coffee over tea","Personal Opinions","A2"
"På den ene side forstår jeg dit synspunkt, men på den anden side...","On one hand I understand your viewpoint, but on the other hand...","Debates & Opinions","B1"
"På gensyn","See you again","Greetings","A1"
"På hjørnet","On the corner","Simple Directions","A1"
"På lørdag","On Saturday","Numbers/Time","A1"
"Regningen, tak","The bill, please","Restaurant/Café","A1"
"Restauranten lukker klokken elleve","The restaurant closes at eleven o'clock","Numbers/Time","A1"
"Ring efter en ambulance!","Call an ambulance!","Emergency","A1"
"Ring til mig, når du kommer frem","Call me when you arrive","Courtesy Phrases","A1"
"Ring til politiet","Call the police","Emergency","A1"
"Seks, syv, otte, ni, ti","Six, seven, eight, nine, ten","Numbers/Time","A1"
"Seksten, sytten, atten, nitten, tyve","Sixteen, seventeen, eighteen, nineteen, twenty","Numbers/Time","A1"
"Selv tak","You're welcome (thank you too)","Courtesy Phrases","A1"
"Selvfølgelig","Of course","Basic Communication","A1"
"Selvom argumentet virker overbevisende ved første øjekast, er der flere problematiske antagelser","Although the argument seems convincing at first glance, there are several problematic assumptions","Sophisticated Opinions","B2"
"Send mig en besked","Send me a message","Basic Communication","A1"
"Sengen er for hård","The bed is too hard","Accommodation","A1"
"September, oktober, november, december","September, October, November, December","Numbers/Time","A1"
"Set i et bredere perspektiv repræsenterer denne kulturelle tendens en reaktion mod globaliseringen","Viewed in a broader perspective, this cultural tendency represents a reaction against globalization","Critical Analysis","B2"
"Set i et historisk perspektiv repræsenterer denne udvikling et paradigmeskift","Viewed in a historical perspective, this development represents a paradigm shift","Critical Analysis","B2"
"Sid ned","Sit down","Basic Communication","A1"
"Sidste sommer rejste vi gennem Europa med tog","Last summer we traveled through Europe by train","Past Experiences","A2"
"Skal jeg tage en paraply med?","Should I bring an umbrella?","Weather","A1"
"Skal vi mødes foran biografen klokken syv?","Shall we meet in front of the cinema at seven?","Making Plans","A2"
"Skal vi mødes på caféen klokken fire i morgen?","Shall we meet at the café at four tomorrow?","Making Plans","A2"
"Skal vi tage afsted tidligt om morgenen?","Should we leave early in the morning?","Making Plans","A2"
"Skål!","Cheers!","Restaurant/Café","A1"
"Sociale mediers indflydelse på den offentlige debat er blevet et centralt forskningsområde","The influence of social media on public debate has become a central research area","Media & Digital Communication","B2"
"Softwareopdateringen løser sikkerhedsproblemet i det tidligere system","The software update solves the security issue in the previous system","Technical Discussions","B1"
"Solen skinner","The sun is shining","Weather","A1"
"Sov godt","Sleep well","Courtesy Phrases","A1"
"Spis noget mad","Eat some food","Basic Communication","A1"
"Spørgsmålet om individets frihed versus samfundets sikkerhed er blevet særligt relevant i den digitale tidsalder","The question of individual freedom versus societal security has become particularly relevant in the digital age","Philosophical Concepts","B2"
"Spørgsmålet om, hvad der definerer et meningsfuldt liv, har optaget filosoffer i århundreder","The question of what defines a meaningful life has occupied philosophers for centuries","Philosophical Concepts","B2"
"Stop her","Stop here","Simple Directions","A1"
"Stop!","Stop!","Emergency","A1"
"Stopper bussen ved stationen?","Does the bus stop at the station?","Transportation","A1"
"Sætter du vejret?","What's the weather forecast?","Weather","A1"
"Tag en paraply med, det begynder snart at regne","Take an umbrella, it will start raining soon","Weather","A2"
"Tag plads","Take a seat","Basic Communication","A1"
"Tag to tabletter tre gange dagligt","Take two tablets three times daily","Basic Health","A1"
"Tager I kreditkort?","Do you accept credit cards?","Basic Shopping","A1"
"Tak for alt","Thanks for everything","Courtesy Phrases","A1"
"Tak for gaven","Thanks for the gift","Courtesy Phrases","A1"
"Tak for hjælpen","Thanks for the help","Courtesy Phrases","A1"
"Tak for i dag","Thanks for today","Courtesy Phrases","A1"
"Tak for invitationen","Thanks for the invitation","Courtesy Phrases","A1"
"Tak for maden","Thanks for the food","Courtesy Phrases","A1"
"Tak for middagen","Thanks for dinner","Courtesy Phrases","A1"
"Taler du engelsk?","Do you speak English?","Basic Communication","A1"
"Taxi, tak","Taxi, please","Transportation","A1"
"Temperaturen falder til under frysepunktet i nat","The temperature is dropping below freezing tonight","Weather","A2"
"Til højre ved lyskrydset","To the right at the traffic light","Simple Directions","A1"
"Til næste år","Next year","Numbers/Time","A1"
"Tillykke med bryllupet","Congratulations on your wedding","Celebrations","A1"
"Tillykke med dagen","Congratulations on your day","Celebrations","A1"
"Tillykke med eksamen","Congratulations on your exam","Celebrations","A1"
"Tillykke med fødselsdagen!","Happy birthday!","Celebrations","A1"
"Tillykke med jubilæet","Congratulations on the anniversary","Celebrations","A1"
"Toget afgår klokken ni","The train departs at nine o'clock","Numbers/Time","A1"
"Toget til København afgår fra spor 5","The train to Copenhagen departs from platform 5","Transportation","A2"
"Torsdag, fredag, lørdag, søndag","Thursday, Friday, Saturday, Sunday","Numbers/Time","A1"
"Tredive, fyrre, halvtreds","Thirty, forty, fifty","Numbers/Time","A1"
"Tres, halvfjerds, firs","Sixty, seventy, eighty","Numbers/Time","A1"
"Tyve, tredive, fyrre","Twenty, thirty, forty","Numbers/Time","A1"
"Uden mælk","Without milk","Restaurant/Café","A1"
"Udstillingen på museet var virkelig interessant","The exhibition at the museum was really interesting","Cultural Activities","A2"
"Udstillingen åbner klokken ti om morgenen","The exhibition opens at ten in the morning","Cultural Activities","A2"
"Undskyld forsinkelsen","Sorry for the delay","Courtesy Phrases","A1"
"Undskyld jeg kommer for sent","Sorry I'm late","Courtesy Phrases","A1"
"Undskyld mig","Excuse me","Courtesy Phrases","A1"
"Undskyld, er dette sæde ledigt?","Excuse me, is this seat free?","Transportation","A1"
"Undskyld, hvor er toilettet?","Excuse me, where is the toilet?","Basic Needs","A1"
"Undskyld, jeg forstod ikke","Sorry, I didn't understand","Basic Communication","A1"
"Undskyld, jeg kommer for sent. Der var kø på motorvejen","I'm sorry I'm late. There was a queue on the highway","Work Environment","A2"
"Universitetets nye forskningsprojekt fokuserer på bæredygtig energi","The university's new research project focuses on sustainable energy","Academic Discussions","B2"
"Vejret skulle blive bedre i løbet af ugen","The weather should improve during the week","Weather","A2"
"Vejrudsigten lover solskin hele weekenden","The weather forecast promises sunshine all weekend","Weather","A2"
"Velfærdsstaten er en grundpille i det danske samfund","The welfare state is a cornerstone of Danish society","Danish Cultural References","B2"
"Velkommen til Danmark","Welcome to Denmark","Greetings","A1"
"Vent et øjeblik","Wait a moment","Basic Communication","A1"
"Vi burde alle tage mere ansvar for klimaet","We should all take more responsibility for the climate","Environmental Issues","B1"
"Vi bør diskutere dette forslag på næste møde","We should discuss this proposal at the next meeting","Professional Communication","B1"
"Vi bør gennemgå alle aspekter af forslaget, før vi træffer en endelig beslutning","We should review all aspects of the proposal before making a final decision","Advanced Professional Topics","B2"
"Vi bør revidere vores marketingstrategi i lyset af de seneste markedsundersøgelser","We should revise our marketing strategy in light of the latest market research","Advanced Professional Topics","B2"
"Vi bør sortere vores affald mere omhyggeligt","We should sort our waste more carefully","Environmental Issues","B1"
"Vi fejrer altid jul hos mine bedsteforældre","We always celebrate Christmas at my grandparents'","Family","A2"
"Vi fik over 20 centimeter sne i går","We got over 20 centimeters of snow yesterday","Weather","A2"
"Vi får en ny computer næste uge","We are getting a new computer next week","Work Environment","A2"
"Vi har boet i denne lejlighed i fem år","We have lived in this apartment for five years","Past Experiences","A2"
"Vi har brug for at finde en løsning på pladsmanglen på kontoret","We need to find a solution to the lack of space in the office","Complex Problem-Solving","B1"
"Vi har en god bager lige rundt om hjørnet","We have a good bakery just around the corner","Local Community","A2"
"Vi har et problem med reservationen","We have a problem with the reservation","Simple Problem-Solving","A2"
"Vi har et teknisk problem med systemet, som vi skal løse hurtigst muligt","We have a technical problem with the system that we need to solve as soon as possible","Complex Problem-Solving","B1"
"Vi har frokostpause fra tolv til halv et","We have lunch break from twelve to half past twelve","Work Environment","A2"
"Vi har fået en ny kollega","We have got a new colleague","Work Environment","A2"
"Vi har implementeret en ny løsning, der øger systemets hastighed","We have implemented a new solution that increases the system's speed","Technical Discussions","B1"
"Vi har kendt hinanden siden gymnasiet","We have known each other since high school","Social Life","A2"
"Vi har lavet en fejl i din ordre, og vi beklager meget","We've made a mistake with your order, and we apologize greatly","Professional Communication","B1"
"Vi har lejet en feriebolig ved stranden","We have rented a holiday home by the beach","Travel Planning","A2"
"Vi har lige malet vores stue i en lysere farve","We have just painted our living room in a lighter color","Home & Housing","A2"
"Vi har planer om at tage i biografen i aften","We have plans to go to the cinema tonight","Hobbies & Interests","A2"
"Vi har plantet blomster i vores have","We have planted flowers in our garden","Home & Housing","A2"
"Vi holder en lille fest for vores kollega, der går på pension","We're having a small party for our colleague who is retiring","Work Environment","A2"
"Vi kan ikke acceptere disse vilkår, men jeg er åben for at diskutere alternative løsninger","We cannot accept these terms, but I am open to discussing alternative solutions","Negotiation & Persuasion","B2"
"Vi kunne tage en tur til stranden, hvis vejret er godt","We could take a trip to the beach if the weather is good","Making Plans","A2"
"Vi kunne tage på museum i eftermiddag","We could go to a museum this afternoon","Making Plans","A2"
"Vi må gøre det igen snart","We should do it again soon","Courtesy Phrases","A1"
"Vi mødes hver uge for at spille brætspil","We meet every week to play board games","Hobbies & Interests","A2"
"Vi mødte hinanden til en fest sidste år","We met each other at a party last year","Past Experiences","A2"
"Vi mødtes for første gang til en fest","We met for the first time at a party","Past Experiences","A2"
"Vi mødtes første gang til en koncert","We met for the first time at a concert","Past Experiences","A2"
"Vi plejer at mødes på denne café","We usually meet at this café","Social Life","A2"
"Vi ses","See you","Greetings","A1"
"Vi ses foran biografen","See you in front of the cinema","Making Plans","A2"
"Vi ses i morgen","See you tomorrow","Courtesy Phrases","A1"
"Vi ses klokken tolv","See you at twelve o'clock","Numbers/Time","A1"
"Vi ses senere","See you later","Greetings","A1"
"Vi skal fejre fødselsdag","We are going to celebrate a birthday","Celebrations","A1"
"Vi skal fejre min fødselsdag i næste weekend","We are celebrating my birthday next weekend","Social Life","A2"
"Vi skal have et møde klokken to","We need to have a meeting at two o'clock","Work Environment","A2"
"Vi skal have et møde med den nye projektleder","We need to have a meeting with the new project manager","Work Environment","A2"
"Vi skal have installeret et nyt køkken næste måned","We are having a new kitchen installed next month","Home & Housing","A2"
"Vi skal holde min fars 60-års fødselsdag","We are going to celebrate my father's 60th birthday","Family","A2"
"Vi skal rejse i påskeferien","We are traveling during Easter vacation","Travel Planning","A2"
"Vi skal rejse med nattoget til Berlin","We're traveling by night train to Berlin","Travel Planning","A2"
"Vi skal se en ny udstilling på kunstmuseet","We are going to see a new exhibition at the art museum","Cultural Activities","A2"
"Vi skal se et teaterstykke på lørdag aften","We are going to see a play on Saturday evening","Cultural Activities","A2"
"Vi skal skifte bus ved næste stoppested","We need to change buses at the next stop","Transportation","A2"
"Vi skal til koncert på fredag aften","We're going to a concert on Friday evening","Cultural Activities","A2"
"Vi skal tjekke ind to timer før afgang","We need to check in two hours before departure","Travel Planning","A2"
"Vi snakkes ved","Talk to you later","Greetings","A1"
"Vi spiller ofte brætspil om søndagen","We often play board games on Sundays","Hobbies & Interests","A2"
"Vil du anbefale en dessert?","Would you recommend a dessert?","Restaurant/Café","A1"
"Vil du med ud at spise på lørdag?","Would you like to go out for dinner on Saturday?","Making Plans","A2"
"Vinteren har været mildere end normalt i år","Winter has been milder than normal this year","Weather","A2"
"Virker garantien stadig?","Is the warranty still valid?","Basic Shopping","A1"
"Vores busafgang blev forsinket på grund af vejret","Our bus departure was delayed because of the weather","Transportation","A2"
"Vores hotel ligger tæt på centrum","Our hotel is located close to the center","Travel Planning","A2"
"Vores kommune arrangerer en sommerfestival","Our municipality organizes a summer festival","Local Community","A2"
"Vores lærer er meget hjælpsom","Our teacher is very helpful","Education","A2"
"Vores nabo er meget venlig","Our neighbor is very friendly","Home & Housing","A2"
"Vores nabo spiller høj musik om natten","Our neighbor plays loud music at night","Home & Housing","A2"
"Vores opgang er blevet malet for nylig","Our stairwell has been painted recently","Home & Housing","A2"
"Vores team har nået alle målene for denne måned","Our team has reached all the goals for this month","Work Environment","A2"
"Vores udlejer har lovet at reparere opvaskemaskinen","Our landlord has promised to repair the dishwasher","Home & Housing","A2"
"Vær så venlig","Please (be so kind)","Courtesy Phrases","A1"
"Værelset er beskidt","The room is dirty","Accommodation","A1"
"Værsgo","Here you go/You're welcome","Courtesy Phrases","A1"
"danishPhrase","englishTranslation","situationalContext","languageLevel"
